,Unnamed: 0,snp,rsid,hg19_coordinates,hg38_coordinates,a1,a2,trait,efo,study,pmid,ancestry,year,tissue,exp_gene,exp_ensembl,probe,beta,se,p,direction,n,n_studies,unit,dataset
0,320,rs11154801,rs11154801,chr6:135739355,chr6:135418217,A,C,Gene expression,NCIT_C16608,Joehanes R,28122634,Mixed,2017,Whole blood,AHI1,-,2975385,-0.1018,0.00196,0.0,-,5257,1,-,Joehanes-R_eQTL_EUR_2017
1,760,rs1378942,rs1378942,chr15:75077367,chr15:74785026,C,A,Gene expression,NCIT_C16608,Hao K,23209423,European,2012,Lung,RPP25,-,100139264_TGI_at,,,0.0,,1111,1,-,eQTL_2017
2,505,rs9303277,rs9303277,chr17:37976469,chr17:39820216,C,T,Gene expression,NCIT_C16608,Joehanes R,28122634,Mixed,2017,Whole blood,GSDMB,-,3755903,0.1612,0.00285,0.0,+,5257,1,-,Joehanes-R_eQTL_EUR_2017
3,235,rs36014129,rs36014129,chr6:25884519,chr6:25884291,A,G,Gene expression,NCIT_C16608,Joehanes R,28122634,Mixed,2017,Whole blood,BTN3A2,-,2899333,-0.1666,0.00412,5.047e-311,-,5257,1,-,Joehanes-R_eQTL_EUR_2017
4,5227,rs820077,rs820077,chr6:35033854,chr6:35066077,G,A,Gene expression,NCIT_C16608,eQTLGen,eQTLGen,European,2018,Whole blood,DEF6,ENSG00000023892,-,,,3.27e-310,-,30721,35,-,eQTLGen_eQTL_EUR_2018
5,2840,rs12615624,rs12615624,chr2:136721603,chr2:135964033,A,G,Gene expression,NCIT_C16608,eQTLGen,eQTLGen,European,2018,Whole blood,AC011893.3,ENSG00000226806,-,,,3.27e-310,-,5164,12,-,eQTLGen_eQTL_EUR_2018
8,2579,rs5754217,rs5754217,chr22:21939675,chr22:21585386,G,T,Gene expression,NCIT_C16608,eQTLGen,eQTLGen,European,2018,Whole blood,UBE2L3,ENSG00000185651,-,,,3.27e-310,-,31300,36,-,eQTLGen_eQTL_EUR_2018
9,5029,rs4728142,rs4728142,chr7:128573967,chr7:128933913,A,G,Gene expression,NCIT_C16608,eQTLGen,eQTLGen,European,2018,Whole blood,TNPO3,ENSG00000064419,-,,,3.27e-310,-,31086,35,-,eQTLGen_eQTL_EUR_2018
10,4000,rs6688100,rs6688100,chr1:160399586,chr1:160429796,C,T,Gene expression,NCIT_C16608,eQTLGen,eQTLGen,European,2018,Whole blood,NCSTN,ENSG00000162736,-,,,3.27e-310,-,31680,37,-,eQTLGen_eQTL_EUR_2018
11,2889,rs11150610,rs11150610,chr16:31334236,chr16:31322915,A,C,Gene expression,NCIT_C16608,eQTLGen,eQTLGen,European,2018,Whole blood,ITGAX,ENSG00000140678,-,,,3.27e-310,+,26008,34,-,eQTLGen_eQTL_EUR_2018
12,3201,rs558702,rs558702,chr6:31870326,chr6:31902549,G,A,Gene expression,NCIT_C16608,eQTLGen,eQTLGen,European,2018,Whole blood,RNF5P1,ENSG00000253570,-,,,3.27e-310,-,4720,10,-,eQTLGen_eQTL_EUR_2018
13,1195,rs6074813,rs6074813,chr20:1541752,chr20:1561106,G,T,Gene expression,NCIT_C16608,eQTLGen,eQTLGen,European,2018,Whole blood,SIRPB1,ENSG00000101307,-,,,3.27e-310,+,28876,31,-,eQTLGen_eQTL_EUR_2018
14,1056,rs2196171,rs2196171,chr2:198889807,chr2:198025083,G,T,Gene expression,NCIT_C16608,eQTLGen,eQTLGen,European,2018,Whole blood,PLCL1,ENSG00000115896,-,,,3.27e-310,-,31522,35,-,eQTLGen_eQTL_EUR_2018
15,3046,rs2736340,rs2736340,chr8:11343973,chr8:11486464,C,T,Gene expression,NCIT_C16608,eQTLGen,eQTLGen,European,2018,Whole blood,FAM167A,ENSG00000154319,-,,,3.27e-310,-,26196,28,-,eQTLGen_eQTL_EUR_2018
16,2871,rs4917385,rs4917385,chr10:105003721,chr10:103243964,G,T,Gene expression,NCIT_C16608,eQTLGen,eQTLGen,European,2018,Whole blood,USMG5,ENSG00000173915,-,,,3.27e-310,-,31568,36,-,eQTLGen_eQTL_EUR_2018
17,125,rs1966115,rs1966115,chr8:79556891,chr8:78644656,A,G,Gene expression,NCIT_C16608,eQTLGen,eQTLGen,European,2018,Whole blood,ZC2HC1A,ENSG00000104427,-,,,3.27e-310,-,24727,33,-,eQTLGen_eQTL_EUR_2018
18,1025,rs4690229,rs4690229,chr4:970724,chr4:976936,A,T,Gene expression,NCIT_C16608,eQTLGen,eQTLGen,European,2018,Whole blood,DGKQ,ENSG00000145214,-,,,3.27e-310,-,23538,32,-,eQTLGen_eQTL_EUR_2018
19,2594,rs3794060,rs3794060,chr11:71187679,chr11:71476633,C,T,Gene expression,NCIT_C16608,eQTLGen,eQTLGen,European,2018,Whole blood,RP11-660L16.2,ENSG00000254682,-,,,3.27e-310,-,5501,13,-,eQTLGen_eQTL_EUR_2018
21,2942,rs7597017,rs7597017,chr2:103062116,chr2:102445656,A,G,Gene expression,NCIT_C16608,eQTLGen,eQTLGen,European,2018,Whole blood,AC007278.3,ENSG00000234389,-,,,3.27e-310,+,5501,13,-,eQTLGen_eQTL_EUR_2018
22,2751,rs351758,rs351758,chr8:28029018,chr8:28171501,T,C,Gene expression,NCIT_C16608,eQTLGen,eQTLGen,European,2018,Whole blood,ELP3,ENSG00000134014,-,,,3.27e-310,+,31183,35,-,eQTLGen_eQTL_EUR_2018
23,3926,rs1170436,rs1170436,chr16:68607486,chr16:68573583,A,T,Gene expression,NCIT_C16608,eQTLGen,eQTLGen,European,2018,Whole blood,ZFP90,ENSG00000184939,-,,,3.27e-310,+,31566,36,-,eQTLGen_eQTL_EUR_2018
24,2263,rs2764208,rs2764208,chr6:34714322,chr6:34746545,A,G,Gene expression,NCIT_C16608,eQTLGen,eQTLGen,European,2018,Whole blood,UHRF1BP1,ENSG00000065060,-,,,3.27e-310,-,26195,28,-,eQTLGen_eQTL_EUR_2018
25,4264,rs9271366,rs9271366,chr6:32586854,chr6:32619077,A,G,Gene expression,NCIT_C16608,eQTLGen,eQTLGen,European,2018,Whole blood,HLA-DRB5,ENSG00000198502,-,,,3.27e-310,-,17357,30,-,eQTLGen_eQTL_EUR_2018
26,1392,rs4978037,rs4978037,chr9:21228423,chr9:21228424,C,T,Gene expression,NCIT_C16608,eQTLGen,eQTLGen,European,2018,Whole blood,KLHL9,ENSG00000198642,-,,,3.27e-310,-,31558,36,-,eQTLGen_eQTL_EUR_2018
27,3856,rs10889681,rs10889681,chr1:67799170,chr1:67333487,C,T,Gene expression,NCIT_C16608,eQTLGen,eQTLGen,European,2018,Whole blood,IL12RB2,ENSG00000081985,-,,,3.27e-310,-,31141,35,-,eQTLGen_eQTL_EUR_2018
28,3361,rs2736345,rs2736345,chr8:11352485,chr8:11494976,A,G,Gene expression,NCIT_C16608,eQTLGen,eQTLGen,European,2018,Whole blood,BLK,ENSG00000136573,-,,,3.27e-310,+,31568,36,-,eQTLGen_eQTL_EUR_2018
29,3411,rs9271100,rs9271100,chr6:32576478,chr6:32608701,C,T,Gene expression,NCIT_C16608,eQTLGen,eQTLGen,European,2018,Whole blood,HLA-DQB1,ENSG00000179344,-,,,3.27e-310,-,19600,25,-,eQTLGen_eQTL_EUR_2018
30,1187,rs1167796,rs1167796,chr7:75173180,-,A,G,Gene expression,NCIT_C16608,eQTLGen,eQTLGen,European,2018,Whole blood,STAG3L1,ENSG00000205583,-,,,3.27e-310,+,6083,13,-,eQTLGen_eQTL_EUR_2018
31,1174,rs28411034,rs28411034,chr1:38276997,chr1:37811325,A,G,Gene expression,NCIT_C16608,eQTLGen,eQTLGen,European,2018,Whole blood,INPP5B,ENSG00000204084,-,,,3.27e-310,-,28588,35,-,eQTLGen_eQTL_EUR_2018
35,251,rs3795310,rs3795310,chr1:8431607,chr1:8371547,C,T,Gene expression,NCIT_C16608,eQTLGen,eQTLGen,European,2018,Whole blood,RERE,ENSG00000142599,-,,,3.27e-310,+,31353,35,-,eQTLGen_eQTL_EUR_2018
38,1393,rs10954214,rs10954214,chr7:128589633,chr7:128949579,C,T,Gene expression,NCIT_C16608,eQTLGen,eQTLGen,European,2018,Whole blood,IRF5,ENSG00000128604,-,,,3.27e-310,+,30895,35,-,eQTLGen_eQTL_EUR_2018
39,2165,rs9899849,rs9899849,chr17:7234983,chr17:7331664,A,G,Gene expression,NCIT_C16608,eQTLGen,eQTLGen,European,2018,Whole blood,ACAP1,ENSG00000072818,-,,,3.27e-310,-,14252,16,-,eQTLGen_eQTL_EUR_2018
40,1345,rs7795074,rs7795074,chr7:26742154,chr7:26702535,C,T,Gene expression,NCIT_C16608,eQTLGen,eQTLGen,European,2018,Whole blood,SKAP2,ENSG00000005020,-,,,3.27e-310,-,31086,35,-,eQTLGen_eQTL_EUR_2018
41,246,rs10911363,rs10911363,chr1:183549757,chr1:183580622,G,T,Gene expression,NCIT_C16608,eQTLGen,eQTLGen,European,2018,Whole blood,SMG7,ENSG00000116698,-,,,3.27e-310,+,30803,34,-,eQTLGen_eQTL_EUR_2018
43,841,rs3760667,rs3760667,chr19:49814832,chr19:49311575,C,T,Gene expression,NCIT_C16608,eQTLGen,eQTLGen,European,2018,Whole blood,CD37,ENSG00000104894,-,,,3.27e-310,+,31469,36,-,eQTLGen_eQTL_EUR_2018
45,952,rs4795774,rs4795774,chr17:25922545,chr17:27595519,A,G,Gene expression,NCIT_C16608,eQTLGen,eQTLGen,European,2018,Whole blood,LGALS9,ENSG00000168961,-,,,3.27e-310,-,26493,35,-,eQTLGen_eQTL_EUR_2018
47,140,rs1429411,rs1429411,chr2:198144002,chr2:197279278,G,A,Gene expression,NCIT_C16608,eQTLGen,eQTLGen,European,2018,Whole blood,AC013264.2,ENSG00000231621,-,,,3.27e-310,+,5502,13,-,eQTLGen_eQTL_EUR_2018
48,475,rs10857712,rs10857712,chr10:135225666,chr10:133412162,C,T,Gene expression,NCIT_C16608,eQTLGen,eQTLGen,European,2018,Whole blood,MTG1,ENSG00000148824,-,,,8.98e-310,+,31684,37,-,eQTLGen_eQTL_EUR_2018
49,1882,rs2647012,rs2647012,chr6:32664458,chr6:32696681,T,C,Gene expression,NCIT_C16608,eQTLGen,eQTLGen,European,2018,Whole blood,HLA-DQB1-AS1,ENSG00000223534,-,,,1.3699999999999983e-307,+,3521,9,-,eQTLGen_eQTL_EUR_2018
50,2622,rs525410,rs525410,chr1:183176430,chr1:183207295,A,G,Gene expression,NCIT_C16608,eQTLGen,eQTLGen,European,2018,Whole blood,LAMC1,ENSG00000135862,-,,,4.329999999999994e-304,+,31300,36,-,eQTLGen_eQTL_EUR_2018
51,3827,rs4639966,rs4639966,chr11:118573519,chr11:118702810,C,T,Gene expression,NCIT_C16608,eQTLGen,eQTLGen,European,2018,Whole blood,AP002954.4,ENSG00000255422,-,,,4.809999999999994e-296,+,5502,13,-,eQTLGen_eQTL_EUR_2018
52,1937,rs4963128,rs4963128,chr11:589564,chr11:589564,T,C,Gene expression,NCIT_C16608,eQTLGen,eQTLGen,European,2018,Whole blood,TMEM80,ENSG00000177042,-,,,4.809999999999996e-293,+,25176,30,-,eQTLGen_eQTL_EUR_2018
53,1119,rs36023980,rs36023980,chr17:73341284,chr17:75345203,C,T,Gene expression,NCIT_C16608,eQTLGen,eQTLGen,European,2018,Whole blood,MRPS7,ENSG00000125445,-,,,1.0899999999999986e-282,+,21612,23,-,eQTLGen_eQTL_EUR_2018
54,1172,rs869310,rs869310,chr15:77830306,chr15:77537964,G,T,Gene expression,NCIT_C16608,eQTLGen,eQTLGen,European,2018,Whole blood,TSPAN3,ENSG00000140391,-,,,1.3199999999999985e-276,+,31556,36,-,eQTLGen_eQTL_EUR_2018
55,3521,rs7683537,rs7683537,chr4:185631998,chr4:184710844,C,T,Gene expression,NCIT_C16608,eQTLGen,eQTLGen,European,2018,Whole blood,CASP3,ENSG00000164305,-,,,2.6299999999999967e-275,-,31569,36,-,eQTLGen_eQTL_EUR_2018
57,2257,rs11227302,rs11227302,chr11:65554502,chr11:65787031,A,G,Gene expression,NCIT_C16608,eQTLGen,eQTLGen,European,2018,Whole blood,CTSW,ENSG00000172543,-,,,5.589999999999994e-266,-,31599,36,-,eQTLGen_eQTL_EUR_2018
58,772,rs12599402,rs12599402,chr16:11189888,chr16:11096031,C,T,Gene expression,NCIT_C16608,eQTLGen,eQTLGen,European,2018,Whole blood,DEXI,ENSG00000182108,-,,,5.769999999999994e-260,+,26609,36,-,eQTLGen_eQTL_EUR_2018
64,685,rs3750310,rs3750310,chr8:10283426,chr8:10425916,A,G,Gene expression,NCIT_C16608,eQTLGen,eQTLGen,European,2018,Whole blood,MSRA,ENSG00000175806,-,,,8.55999999999999e-248,+,31349,35,-,eQTLGen_eQTL_EUR_2018
66,1565,rs4622329,rs4622329,chr12:102321935,chr12:101928157,A,G,Gene expression,NCIT_C16608,eQTLGen,eQTLGen,European,2018,Whole blood,CHPT1,ENSG00000111666,-,,,1.0699999999999988e-245,-,31205,35,-,eQTLGen_eQTL_EUR_2018
70,4484,rs13344313,rs13344313,chr19:18517767,chr19:18406957,A,G,Gene expression,NCIT_C16608,eQTLGen,eQTLGen,European,2018,Whole blood,LRRC25,ENSG00000175489,-,,,3.5199999999999975e-228,-,31468,36,-,eQTLGen_eQTL_EUR_2018
71,2628,rs8072449,rs8072449,chr17:73312184,chr17:75316103,A,G,Gene expression,NCIT_C16608,eQTLGen,eQTLGen,European,2018,Whole blood,MIF4GD,ENSG00000125457,-,,,6.089999999999992e-228,+,30098,33,-,eQTLGen_eQTL_EUR_2018
73,1534,rs4810485,rs4810485,chr20:44747947,chr20:46119308,G,T,Gene expression,NCIT_C16608,eQTLGen,eQTLGen,European,2018,Whole blood,CD40,ENSG00000101017,-,,,2.7199999999999965e-222,+,31300,36,-,eQTLGen_eQTL_EUR_2018
77,1351,rs17807624,rs17807624,chr8:11463015,chr8:11605506,C,T,Gene expression,NCIT_C16608,eQTLGen,eQTLGen,European,2018,Whole blood,FDFT1,ENSG00000079459,-,,,6.719999999999994e-213,-,26395,35,-,eQTLGen_eQTL_EUR_2018
79,2600,rs2618444,rs2618444,chr8:11338370,chr8:11480861,A,C,Gene expression,NCIT_C16608,BIOSQTL,27918533,European,2017,Whole blood,BLK;RP11-148O21.4,ENSG00000136573;ENSG00000255518,ENSG00000136573;ENSG00000255518,,,8.959999999999992e-206,+,2116,1,-,BIOSQTL_eQTL_EUR_2017
80,1160,rs1151988,rs1151988,chr3:12511512,chr3:12470013,A,G,Gene expression,NCIT_C16608,eQTLGen,eQTLGen,European,2018,Whole blood,PPARG,ENSG00000132170,-,,,8.879999999999995e-202,+,31682,37,-,eQTLGen_eQTL_EUR_2018
83,2911,rs489574,rs489574,chr11:65542739,chr11:65775268,G,A,Gene expression,NCIT_C16608,eQTLGen,eQTLGen,European,2018,Whole blood,MAP3K11,ENSG00000173327,-,,,2.4499999999999975e-198,+,31684,37,-,eQTLGen_eQTL_EUR_2018
89,2340,rs3130320,rs3130320,chr6:32223258,chr6:32255481,C,T,Gene expression,NCIT_C16608,Joehanes R,28122634,Mixed,2017,Whole blood,SLC44A4,-,2949488,-0.0587,0.0019,1.899999999999999e-192,-,5257,1,-,Joehanes-R_eQTL_EUR_2017
91,720,rs916287,rs916287,chr6:36350858,chr6:36383081,C,G,Gene expression,NCIT_C16608,eQTLGen,eQTLGen,European,2018,Whole blood,ETV7,ENSG00000010030,-,,,9.869999999999991e-178,+,31315,34,-,eQTLGen_eQTL_EUR_2018
92,1451,rs2381401,rs2381401,chr2:144020974,chr2:143263405,C,T,Gene expression,NCIT_C16608,eQTLGen,eQTLGen,European,2018,Whole blood,ARHGAP15,ENSG00000075884,-,,,6.339999999999996e-176,+,31353,35,-,eQTLGen_eQTL_EUR_2018
94,2967,rs34725611,rs34725611,chr19:10477067,chr19:10366391,A,G,Gene expression,NCIT_C16608,eQTLGen,eQTLGen,European,2018,Whole blood,TYK2,ENSG00000105397,-,,,7.909999999999995e-170,-,30935,36,-,eQTLGen_eQTL_EUR_2018
96,868,rs6445975,rs6445975,chr3:58370177,chr3:58384450,G,T,Gene expression,NCIT_C16608,eQTLGen,eQTLGen,European,2018,Whole blood,PDHB,ENSG00000168291,-,,,1.549999999999999e-167,-,31300,36,-,eQTLGen_eQTL_EUR_2018
104,2418,rs6697139,rs6697139,chr1:161660696,chr1:161690906,G,T,Gene expression,NCIT_C16608,eQTLGen,eQTLGen,European,2018,Whole blood,FCGR2B,ENSG00000072694,-,,,5.199999999999996e-150,+,26395,33,-,eQTLGen_eQTL_EUR_2018
105,2424,rs2980512,rs2980512,chr8:8140901,chr8:8283379,T,C,Gene expression,NCIT_C16608,eQTLGen,eQTLGen,European,2018,Whole blood,RP11-62H7.2,ENSG00000233609,-,,,4.949999999999997e-149,-,5493,13,-,eQTLGen_eQTL_EUR_2018
107,314,rs1590381,rs1590381,chr6:35154787,chr6:35187010,T,A,Gene expression,NCIT_C16608,eQTLGen,eQTLGen,European,2018,Whole blood,ZNF76,ENSG00000065029,-,,,5.0299999999999974e-144,+,31482,35,-,eQTLGen_eQTL_EUR_2018
109,4035,rs9398235,rs9398235,chr6:110732116,chr6:110410913,A,G,Gene expression,NCIT_C16608,eQTLGen,eQTLGen,European,2018,Whole blood,DDO,ENSG00000203797,-,,,4.219999999999997e-142,+,26609,36,-,eQTLGen_eQTL_EUR_2018
111,2297,rs10762171,rs10762171,chr10:69291720,chr10:67531962,A,G,Gene expression,NCIT_C16608,eQTLGen,eQTLGen,European,2018,Whole blood,SIRT1,ENSG00000096717,-,,,5.289999999999998e-138,+,14253,16,-,eQTLGen_eQTL_EUR_2018
113,2771,rs2618476,rs2618476,chr8:11352541,chr8:11495032,C,T,Gene expression,NCIT_C16608,eQTLGen,eQTLGen,European,2018,Whole blood,RP11-148O21.4,ENSG00000255518,-,,,5.349999999999996e-137,-,4994,12,-,eQTLGen_eQTL_EUR_2018
115,3587,rs9852465,rs9852465,chr3:58465183,chr3:58479456,A,G,Gene expression,NCIT_C16608,eQTLGen,eQTLGen,European,2018,Whole blood,PXK,ENSG00000168297,-,,,5.589999999999997e-135,-,26602,36,-,eQTLGen_eQTL_EUR_2018
117,3067,rs1432296,rs1432296,chr2:61068167,chr2:60841032,C,T,Gene expression,NCIT_C16608,eQTLGen,eQTLGen,European,2018,Whole blood,PUS10,ENSG00000162927,-,,,5.359999999999997e-134,-,14259,16,-,eQTLGen_eQTL_EUR_2018
118,5468,rs497273,rs497273,chr12:121204682,chr12:120766879,C,G,Gene expression,NCIT_C16608,eQTLGen,eQTLGen,European,2018,Whole blood,SPPL3,ENSG00000157837,-,,,4.519999999999997e-133,+,31566,36,-,eQTLGen_eQTL_EUR_2018
119,4502,rs11590283,rs11590283,chr1:1245368,chr1:1309988,A,G,Gene expression,NCIT_C16608,eQTLGen,eQTLGen,European,2018,Whole blood,B3GALT6,ENSG00000176022,-,,,1.4599999999999992e-131,+,18523,24,-,eQTLGen_eQTL_EUR_2018
121,684,rs13101828,rs13101828,chr4:965720,chr4:971932,A,G,Gene expression,NCIT_C16608,eQTLGen,eQTLGen,European,2018,Whole blood,IDUA,ENSG00000127415,-,,,2.649999999999999e-129,-,13925,15,-,eQTLGen_eQTL_EUR_2018
122,1194,rs1048257,rs1048257,chr14:105404384,chr14:104938047,T,C,Gene expression,NCIT_C16608,BIOSQTL,27918533,European,2017,Whole blood,PLD4,ENSG00000166428,ENSG00000166428,,,7.009999999999997e-129,+,2116,1,-,BIOSQTL_eQTL_EUR_2017
124,5132,rs12753920,rs12753920,chr1:92665899,chr1:92200342,A,G,Gene expression,NCIT_C16608,eQTLGen,eQTLGen,European,2018,Whole blood,RPAP2,ENSG00000122484,-,,,1.5099999999999991e-128,-,31559,36,-,eQTLGen_eQTL_EUR_2018
125,5403,rs1217393,rs1217393,chr1:114433946,chr1:113891324,A,G,Gene expression,NCIT_C16608,eQTLGen,eQTLGen,European,2018,Whole blood,AP4B1,ENSG00000134262,-,,,3.1699999999999976e-128,-,30818,35,-,eQTLGen_eQTL_EUR_2018
126,2702,rs1150753,rs1150753,chr6:32059867,chr6:32092090,G,A,Gene expression,NCIT_C16608,eQTLGen,eQTLGen,European,2018,Whole blood,CYP21A1P,ENSG00000204338,-,,,2.8299999999999983e-127,-,4170,10,-,eQTLGen_eQTL_EUR_2018
127,2275,rs931127,rs931127,chr11:65405300,chr11:65637829,A,G,Gene expression,NCIT_C16608,eQTLGen,eQTLGen,European,2018,Whole blood,RNASEH2C,ENSG00000172922,-,,,4.159999999999997e-127,+,26196,28,-,eQTLGen_eQTL_EUR_2018
129,2019,rs3131379,rs3131379,chr6:31721033,chr6:31753256,G,A,Gene expression,NCIT_C16608,Joehanes R,28122634,Mixed,2017,Whole blood,,-,2948887,-0.2046,0.008320000000000001,2.199999999999999e-126,-,5257,1,-,Joehanes-R_eQTL_EUR_2017
130,2139,rs9630991,rs9630991,chr2:191432139,chr2:190567413,A,G,Gene expression,NCIT_C16608,eQTLGen,eQTLGen,European,2018,Whole blood,MFSD6,ENSG00000151690,-,,,1.1399999999999991e-123,+,30817,35,-,eQTLGen_eQTL_EUR_2018
132,499,rs2041862,rs2041862,chr12:68461697,chr12:68067917,A,G,Gene expression,NCIT_C16608,eQTLGen,eQTLGen,European,2018,Whole blood,IFNG-AS1,ENSG00000255733,-,,,4.5699999999999967e-122,+,5501,13,-,eQTLGen_eQTL_EUR_2018
136,0,rs2187668,rs2187668,chr6:32605884,chr6:32638107,T,C,Gene expression,NCIT_C16608,BIOSQTL,27918533,European,2017,Whole blood,HLA-DRB9,ENSG00000196301,ENSG00000196301,,,8.369999999999995e-118,+,2116,1,-,BIOSQTL_eQTL_EUR_2017
140,1542,rs2941509,rs2941509,chr17:37921194,chr17:39764941,T,C,Gene expression,NCIT_C16608,eQTLGen,eQTLGen,European,2018,Whole blood,GSDMA,ENSG00000167914,-,,,3.889999999999998e-113,+,21954,31,-,eQTLGen_eQTL_EUR_2018
141,2383,rs332398,rs332398,chr1:161536131,chr1:161566341,T,C,Gene expression,NCIT_C16608,eQTLGen,eQTLGen,European,2018,Whole blood,RP11-5K23.3,ENSG00000224203,-,,,2.649999999999999e-111,-,4994,12,-,eQTLGen_eQTL_EUR_2018
142,3658,rs4917014,rs4917014,chr7:50305863,chr7:50266267,G,T,Gene expression,NCIT_C16608,eQTLGen,eQTLGen,European,2018,Whole blood,CLEC10A,ENSG00000132514,-,,,3.649999999999998e-111,+,31086,35,-,eQTLGen_eQTL_EUR_2018
143,3593,rs2953898,rs2953898,chr8:56980803,chr8:56068244,C,T,Gene expression,NCIT_C16608,BIOSQTL,27918533,European,2017,Whole blood,RPS20,ENSG00000008988,ENSG00000008988,,,2.689999999999999e-110,+,2116,1,-,BIOSQTL_eQTL_EUR_2017
144,3885,rs2015407,rs2015407,chr14:103274547,chr14:102808210,A,G,Gene expression,NCIT_C16608,eQTLGen,eQTLGen,European,2018,Whole blood,TRAF3,ENSG00000131323,-,,,4.529999999999997e-109,+,31568,36,-,eQTLGen_eQTL_EUR_2018
145,3454,rs6738825,rs6738825,chr2:198896895,chr2:198032171,A,G,Gene expression,NCIT_C16608,eQTLGen,eQTLGen,European,2018,Whole blood,MARS2,ENSG00000247626,-,,,3.45e-108,-,31258,35,-,eQTLGen_eQTL_EUR_2018
146,1330,rs10946940,rs10946940,chr6:27560587,chr6:27592808,A,G,Gene expression,NCIT_C16608,eQTLGen,eQTLGen,European,2018,Whole blood,ZSCAN9,ENSG00000137185,-,,,7.559999999999996e-108,-,25690,35,-,eQTLGen_eQTL_EUR_2018
147,1309,rs35789010,rs35789010,chr6:25514179,chr6:25513951,A,G,Gene expression,NCIT_C16608,eQTLGen,eQTLGen,European,2018,Whole blood,HIST1H2BD,ENSG00000158373,-,,,8.519999999999995e-108,-,29989,34,-,eQTLGen_eQTL_EUR_2018
151,5719,rs76725306,rs76725306,chr13:50177453,chr13:49603317,A,G,Gene expression,NCIT_C16608,eQTLGen,eQTLGen,European,2018,Whole blood,RCBTB1,ENSG00000136144,-,,,1.9499999999999992e-104,-,31240,35,-,eQTLGen_eQTL_EUR_2018
152,1523,rs2396545,rs2396545,chr11:601785,chr11:601785,T,C,Gene expression,NCIT_C16608,eQTLGen,eQTLGen,European,2018,Whole blood,HRAS,ENSG00000174775,-,,,5.719999999999997e-104,+,27283,35,-,eQTLGen_eQTL_EUR_2018
154,1094,rs11059919,rs11059919,chr12:129289190,chr12:128804645,A,G,Gene expression,NCIT_C16608,eQTLGen,eQTLGen,European,2018,Whole blood,SLC15A4,ENSG00000139370,-,,,3.4199999999999986e-102,+,30113,32,-,eQTLGen_eQTL_EUR_2018
156,2763,rs10995092,rs10995092,chr10:64001700,chr10:62241941,C,T,Gene expression,NCIT_C16608,eQTLGen,eQTLGen,European,2018,Whole blood,ARID5B,ENSG00000150347,-,,,1.2499999999999991e-99,-,26490,35,-,eQTLGen_eQTL_EUR_2018
157,3015,rs2478118,rs2478118,chr10:13650032,chr10:13608032,C,T,Gene expression,NCIT_C16608,Joehanes R,28122634,Mixed,2017,Whole blood,PRPF18,-,3235932,0.0572,0.00264,1.3899999999999994e-99,+,5257,1,-,Joehanes-R_eQTL_EUR_2017
161,1379,rs8105429,rs8105429,chr19:18481333,chr19:18370523,A,G,Gene expression,NCIT_C16608,BIOSQTL,27918533,European,2017,Whole blood,GDF15,ENSG00000130513,ENSG00000130513,,,4.359999999999998e-97,-,2116,1,-,BIOSQTL_eQTL_EUR_2017
164,2842,rs1887428,rs1887428,chr9:4984530,chr9:4984530,C,G,Gene expression,NCIT_C16608,eQTLGen,eQTLGen,European,2018,Whole blood,JAK2,ENSG00000096968,-,,,2.0099999999999996e-95,-,31231,35,-,eQTLGen_eQTL_EUR_2018
165,1445,rs11629434,rs11629434,chr14:73250680,chr14:72783972,G,T,Gene expression,NCIT_C16608,eQTLGen,eQTLGen,European,2018,Whole blood,DCAF4,ENSG00000119599,-,,,2.329999999999999e-95,-,31684,37,-,eQTLGen_eQTL_EUR_2018
166,822,rs2303745,rs2303745,chr19:17420289,chr19:17309480,T,G,Gene expression,NCIT_C16608,eQTLGen,eQTLGen,European,2018,Whole blood,MRPL34,ENSG00000130312,-,,,2.779999999999999e-95,+,27284,35,-,eQTLGen_eQTL_EUR_2018
168,2747,rs12636784,rs12636784,chr3:119174383,chr3:119455536,A,G,Gene expression,NCIT_C16608,eQTLGen,eQTLGen,European,2018,Whole blood,POGLUT1,ENSG00000163389,-,,,1.1399999999999997e-94,+,25744,34,-,eQTLGen_eQTL_EUR_2018
170,710,rs6659932,rs6659932,chr1:67802371,chr1:67336688,A,C,Gene expression,NCIT_C16608,Joehanes R,28122634,Mixed,2017,Whole blood,IL12RB2;SERBP1,-,2340961,0.071,0.00339,9.889999999999995e-94,+,5257,1,-,Joehanes-R_eQTL_EUR_2017
171,633,rs9462027,rs9462027,chr6:34797241,chr6:34829464,A,G,Gene expression,NCIT_C16608,eQTLGen,eQTLGen,European,2018,Whole blood,C6orf106,ENSG00000196821,-,,,2.1899999999999988e-92,+,31684,37,-,eQTLGen_eQTL_EUR_2018
175,3112,rs2688608,rs2688608,chr10:75658349,chr10:73898591,T,G,Gene expression,NCIT_C16608,eQTLGen,eQTLGen,European,2018,Whole blood,PLAU,ENSG00000122861,-,,,1.0699999999999996e-89,-,31684,37,-,eQTLGen_eQTL_EUR_2018
176,464,rs229541,rs229541,chr22:37591318,chr22:37195278,G,A,Gene expression,NCIT_C16608,eQTLGen,eQTLGen,European,2018,Whole blood,RAC2,ENSG00000128340,-,,,1.2099999999999996e-89,-,26899,34,-,eQTLGen_eQTL_EUR_2018
180,3824,rs3733345,rs3733345,chr4:954247,chr4:960459,T,G,Gene expression,NCIT_C16608,BIOSQTL,27918533,European,2017,Whole blood,SLC26A1,ENSG00000145217,ENSG00000145217,,,2.19e-86,-,2116,1,-,BIOSQTL_eQTL_EUR_2017
181,2490,rs8058578,rs8058578,chr16:30726248,chr16:30714927,C,T,Gene expression,NCIT_C16608,eQTLGen,eQTLGen,European,2018,Whole blood,RNF40,ENSG00000103549,-,,,2.249999999999999e-86,-,31684,37,-,eQTLGen_eQTL_EUR_2018
187,527,rs11066301,rs11066301,chr12:112871372,chr12:112433568,A,G,Gene expression,NCIT_C16608,eQTLGen,eQTLGen,European,2018,Whole blood,ALDH2,ENSG00000111275,-,,,1.7399999999999986e-83,+,31177,35,-,eQTLGen_eQTL_EUR_2018
190,3022,rs79404002,rs79404002,chr17:4697255,chr17:4793960,A,G,Gene expression,NCIT_C16608,eQTLGen,eQTLGen,European,2018,Whole blood,RNF167,ENSG00000108523,-,,,2.21e-81,+,27225,30,-,eQTLGen_eQTL_EUR_2018
193,3808,rs34330,rs34330,chr12:12870695,chr12:12717761,C,T,Gene expression,NCIT_C16608,eQTLGen,eQTLGen,European,2018,Whole blood,APOLD1,ENSG00000178878,-,,,2.0499999999999996e-80,+,31270,35,-,eQTLGen_eQTL_EUR_2018
198,130,rs112006329,rs112006329,chr11:617228,chr11:617228,A,G,Gene expression,NCIT_C16608,eQTLGen,eQTLGen,European,2018,Whole blood,IRF7,ENSG00000185507,-,,,1.71e-77,+,27196,34,-,eQTLGen_eQTL_EUR_2018
199,4525,rs4149228,rs4149228,chr1:226032677,chr1:225844976,A,G,Gene expression,NCIT_C16608,eQTLGen,eQTLGen,European,2018,Whole blood,TMEM63A,ENSG00000196187,-,,,2.0199999999999988e-77,+,31349,36,-,eQTLGen_eQTL_EUR_2018
200,3238,rs2051549,rs2051549,chr6:32730086,chr6:32762309,G,A,Gene expression,NCIT_C16608,eQTLGen,eQTLGen,European,2018,Whole blood,HLA-DOB,ENSG00000241106,-,,,3.2699999999999996e-77,+,7572,12,-,eQTLGen_eQTL_EUR_2018
202,4409,rs12971295,rs12971295,chr19:18517331,chr19:18406521,A,G,Gene expression,NCIT_C16608,eQTLGen,eQTLGen,European,2018,Whole blood,C19orf60,ENSG00000006015,-,,,1.09e-75,-,25993,26,-,eQTLGen_eQTL_EUR_2018
203,385,rs9275572,rs9275572,chr6:32678999,chr6:32711222,A,G,Gene expression,NCIT_C16608,Joehanes R,28122634,Mixed,2017,Whole blood,HLA-DQA2;LOC100509457;LOC100507718;HLA-DQA1,-,2903258,-0.0492,0.00263,1.3899999999999992e-75,-,5257,1,-,Joehanes-R_eQTL_EUR_2017
204,2833,rs2669010,rs2669010,chr12:77009060,chr12:76615280,A,G,Gene expression,NCIT_C16608,eQTLGen,eQTLGen,European,2018,Whole blood,OSBPL8,ENSG00000091039,-,,,1.7899999999999995e-75,-,14258,16,-,eQTLGen_eQTL_EUR_2018
207,2286,rs223889,rs223889,chr16:57392241,chr16:57358329,C,T,Gene expression,NCIT_C16608,eQTLGen,eQTLGen,European,2018,Whole blood,DOK4,ENSG00000125170,-,,,6.829999999999997e-73,-,31567,36,-,eQTLGen_eQTL_EUR_2018
211,2636,rs17301013,rs17301013,chr1:174312813,chr1:174343675,C,T,Gene expression,NCIT_C16608,eQTLGen,eQTLGen,European,2018,Whole blood,RABGAP1L,ENSG00000152061,-,,,8.139999999999996e-72,-,14263,16,-,eQTLGen_eQTL_EUR_2018
214,5110,rs10245867,rs10245867,chr7:28142186,chr7:28102567,G,T,Gene expression,NCIT_C16608,eQTLGen,eQTLGen,European,2018,Whole blood,JAZF1,ENSG00000153814,-,,,1.5499999999999992e-69,-,31017,35,-,eQTLGen_eQTL_EUR_2018
215,741,rs10774625,rs10774625,chr12:111910219,chr12:111472415,A,G,Gene expression,NCIT_C16608,eQTLGen,eQTLGen,European,2018,Whole blood,SH2B3,ENSG00000111252,-,,,2.1799999999999998e-69,+,28418,34,-,eQTLGen_eQTL_EUR_2018
216,765,rs3087243,rs3087243,chr2:204738919,chr2:203874196,A,G,Gene expression,NCIT_C16608,eQTLGen,eQTLGen,European,2018,Whole blood,CTLA4,ENSG00000163599,-,,,2.669999999999999e-69,+,31300,36,-,eQTLGen_eQTL_EUR_2018
217,3713,rs17321999,rs17321999,chr2:30479857,chr2:30256991,A,C,Gene expression,NCIT_C16608,Westra H,24013639,European,2013,Peripheral blood,AC104698.2;LBH,-,2810246,,,7.969999999999998e-69,,5311,1,-,Westra-H_eQTL_EUR_2013
220,3929,rs10142203,rs10142203,chr14:51704790,chr14:51238072,C,T,Gene expression,NCIT_C16608,eQTLGen,eQTLGen,European,2018,Whole blood,TRIM9,ENSG00000100505,-,,,2.809999999999999e-67,-,31346,36,-,eQTLGen_eQTL_EUR_2018
222,169,rs10466455,rs10466455,chr11:34780936,chr11:34759389,C,T,Gene expression,NCIT_C16608,BIOSQTL,27918533,European,2017,Whole blood,APIP,ENSG00000149089,ENSG00000149089,,,9.809999999999998e-67,+,2116,1,-,BIOSQTL_eQTL_EUR_2017
223,3996,rs4850410,rs4850410,chr2:197920169,chr2:197055445,C,T,Gene expression,NCIT_C16608,BIOSQTL,27918533,European,2017,Whole blood,ANKRD44,ENSG00000065413,ENSG00000065413,,,1.6099999999999994e-66,+,2116,1,-,BIOSQTL_eQTL_EUR_2017
227,5245,rs6438700,rs6438700,chr3:121872825,chr3:122153978,C,T,Gene expression,NCIT_C16608,eQTLGen,eQTLGen,European,2018,Whole blood,IQCB1,ENSG00000173226,-,,,1.5299999999999994e-64,-,31469,36,-,eQTLGen_eQTL_EUR_2018
228,1495,rs653178,rs653178,chr12:112007756,chr12:111569952,T,C,Gene expression,NCIT_C16608,eQTLGen,eQTLGen,European,2018,Whole blood,STAT1,ENSG00000115415,-,,,1.6e-64,-,28418,34,-,eQTLGen_eQTL_EUR_2018
229,3787,rs3914167,rs3914167,chr5:39406497,chr5:39406395,C,G,Gene expression,NCIT_C16608,eQTLGen,eQTLGen,European,2018,Whole blood,DAB2,ENSG00000153071,-,,,2.2699999999999997e-64,-,26279,34,-,eQTLGen_eQTL_EUR_2018
230,2714,rs12917712,rs12917712,chr16:29882490,chr16:29871169,C,T,Gene expression,NCIT_C16608,eQTLGen,eQTLGen,European,2018,Whole blood,MAPK3,ENSG00000102882,-,,,1.28e-63,+,27185,35,-,eQTLGen_eQTL_EUR_2018
232,2288,rs1028488,rs1028488,chr6:170590475,chr6:170281387,T,G,Gene expression,NCIT_C16608,eQTLGen,eQTLGen,European,2018,Whole blood,FAM120B,ENSG00000112584,-,,,3.7899999999999994e-63,-,23653,33,-,eQTLGen_eQTL_EUR_2018
239,3576,rs11679484,rs11679484,chr2:198921604,chr2:198056880,A,C,Gene expression,NCIT_C16608,Joehanes R,28122634,Mixed,2017,Whole blood,RFTN2;LOC100506334,-,2593796,0.0543,0.00322,4.289999999999998e-62,+,5257,1,-,Joehanes-R_eQTL_EUR_2017
241,1968,rs6871748,rs6871748,chr5:35885982,chr5:35885880,C,T,Gene expression,NCIT_C16608,Joehanes R,28122634,Mixed,2017,Whole blood,IL7R,-,2806468,-0.0637,0.0038,1.53e-61,-,5257,1,-,Joehanes-R_eQTL_EUR_2017
244,1119,rs2732549,rs2732549,chr11:35088399,chr11:35066852,G,A,Gene expression,NCIT_C16608,eQTLGen,eQTLGen,European,2018,Whole blood,RP11-196I18.3,ENSG00000225531,-,,,3.3e-61,+,18865,21,-,eQTLGen_eQTL_EUR_2018
251,4366,rs2797780,rs2797780,chr6:37506415,chr6:37538639,T,C,Gene expression,NCIT_C16608,eQTLGen,eQTLGen,European,2018,Whole blood,RP1-153P14.8,ENSG00000204110,-,,,1.0399999999999996e-58,+,5164,12,-,eQTLGen_eQTL_EUR_2018
258,3943,rs1437466,rs1437466,chr2:65664350,chr2:65437216,C,T,Gene expression,NCIT_C16608,eQTLGen,eQTLGen,European,2018,Whole blood,SPRED2,ENSG00000198369,-,,,5.21e-57,+,31679,37,-,eQTLGen_eQTL_EUR_2018
259,2085,rs11085727,rs11085727,chr19:10466123,chr19:10355447,C,T,Gene expression,NCIT_C16608,eQTLGen,eQTLGen,European,2018,Whole blood,ICAM3,ENSG00000076662,-,,,5.21e-57,+,31349,35,-,eQTLGen_eQTL_EUR_2018
260,3233,rs597808,rs597808,chr12:111973358,chr12:111535554,G,A,Gene expression,NCIT_C16608,eQTLGen,eQTLGen,European,2018,Whole blood,GBP5,ENSG00000154451,-,,,7.67e-57,-,11496,15,-,eQTLGen_eQTL_EUR_2018
264,1032,rs6671847,rs6671847,chr1:161478810,chr1:161509020,A,G,Gene expression,NCIT_C16608,Joehanes R,28122634,Mixed,2017,Whole blood,FCGR2A;FCGR2C,-,2363689,-0.0303,0.0019,3.799999999999999e-56,-,5257,1,-,Joehanes-R_eQTL_EUR_2017
265,929,rs3862260,rs3862260,chr1:120160789,chr1:119618166,A,G,Gene expression,NCIT_C16608,eQTLGen,eQTLGen,European,2018,Whole blood,ZNF697,ENSG00000143067,-,,,4.48e-56,+,26080,27,-,eQTLGen_eQTL_EUR_2018
266,3408,rs61839660,rs61839660,chr10:6094697,chr10:6052734,C,T,Gene expression,NCIT_C16608,eQTLGen,eQTLGen,European,2018,Whole blood,IL2RA,ENSG00000134460,-,,,8.82e-56,-,30836,32,-,eQTLGen_eQTL_EUR_2018
267,5558,rs7197475,rs7197475,chr16:30642867,chr16:30631546,C,T,Gene expression,NCIT_C16608,eQTLGen,eQTLGen,European,2018,Whole blood,ZNF689,ENSG00000156853,-,,,1.28e-55,+,31300,36,-,eQTLGen_eQTL_EUR_2018
268,2903,rs5029924,rs5029924,chr6:138187498,chr6:137866361,C,T,Gene expression,NCIT_C16608,eQTLGen,eQTLGen,European,2018,Whole blood,RP11-356I2.2,ENSG00000235842,-,,,3.8999999999999995e-55,-,4339,10,-,eQTLGen_eQTL_EUR_2018
270,730,rs586995,rs586995,chr1:111692440,chr1:111149818,T,C,Gene expression,NCIT_C16608,BIOSQTL,27918533,European,2017,Whole blood,CEPT1;DRAM2,ENSG00000134255;ENSG00000156171,ENSG00000134255;ENSG00000156171,,,6.73e-55,-,2116,1,-,BIOSQTL_eQTL_EUR_2017
272,3598,rs4739134,rs4739134,chr8:79556148,chr8:78643913,C,T,Gene expression,NCIT_C16608,eQTLGen,eQTLGen,European,2018,Whole blood,RP11-578O24.2,ENSG00000254352,-,,,8e-55,+,3831,9,-,eQTLGen_eQTL_EUR_2018
275,166,rs73366469,rs73366469,chr7:74033600,chr7:74619286,C,T,Gene expression,NCIT_C16608,eQTLGen,eQTLGen,European,2018,Whole blood,PMS2P5,ENSG00000123965,-,,,4.31e-54,-,6421,14,-,eQTLGen_eQTL_EUR_2018
277,3795,rs11101442,rs11101442,chr10:49936336,chr10:48728291,T,C,Gene expression,NCIT_C16608,eQTLGen,eQTLGen,European,2018,Whole blood,WDFY4,ENSG00000128815,-,,,1.1499999999999996e-53,-,25812,27,-,eQTLGen_eQTL_EUR_2018
282,3351,rs2548279,rs2548279,chr5:100177519,chr5:100841815,G,A,Gene expression,NCIT_C16608,eQTLGen,eQTLGen,European,2018,Whole blood,ST8SIA4,ENSG00000113532,-,,,6.07e-53,+,31354,35,-,eQTLGen_eQTL_EUR_2018
284,1200,rs9311676,rs9311676,chr3:58470351,chr3:58484624,C,T,Gene expression,NCIT_C16608,BIOSQTL,27918533,European,2017,Whole blood,RPP14;RPP14,ENSG00000163684;ENSG00000255154,ENSG00000163684;ENSG00000255154,,,1.1599999999999994e-52,-,2116,1,-,BIOSQTL_eQTL_EUR_2017
285,3793,rs10028805,rs10028805,chr4:102737250,chr4:101816093,A,G,Exon expression,NCIT_C16608,BIOSQTL,27918533,European,2017,Whole blood,BANK1,ENSG00000153064,chr_4_102750965_102751363,,,2.7400000000000006e-52,-,2116,1,-,BIOSQTL_eQTL_EUR_2017
293,1144,rs13260060,rs13260060,chr8:71218360,chr8:70306125,A,G,Gene expression,NCIT_C16608,Joehanes R,28122634,Mixed,2017,Whole blood,NCOA2,-,3139722,0.0358,0.00237,1.97e-50,+,5257,1,-,Joehanes-R_eQTL_EUR_2017
297,2828,rs4641121,rs4641121,chr9:7071706,chr9:7071706,A,G,Exon expression,NCIT_C16608,Geuvadis,24037378,European,2013,Lymphoblastoid cell lines,KDM4C,ENSG00000107077.12,ENSG00000107077.12_7076434_7077262,,,5.57e-50,,462,1,-,Geuvadis_eQTL_EUR_2013
301,885,rs330048,rs330048,chr8:9087278,chr8:9229768,A,C,Gene expression,NCIT_C16608,eQTLGen,eQTLGen,European,2018,Whole blood,MFHAS1,ENSG00000147324,-,,,1.44e-49,+,31684,37,-,eQTLGen_eQTL_EUR_2018
307,2786,rs7031325,rs7031325,chr9:6655056,chr9:6655056,C,T,Gene expression,NCIT_C16608,eQTLGen,eQTLGen,European,2018,Whole blood,GLDC,ENSG00000178445,-,,,6.82e-48,+,31684,37,-,eQTLGen_eQTL_EUR_2018
318,477,rs1039917,rs1039917,chr8:8718850,chr8:8861340,A,G,Gene expression,NCIT_C16608,Zeller,20502693,European,2010,Peripheral blood monocytes,CLDN23,-,-,,,2.0199999999999998e-44,,1490,1,-,GRASP
320,2996,rs835573,rs835573,chr1:120464165,chr1:119921542,T,C,Gene expression,NCIT_C16608,eQTLGen,eQTLGen,European,2018,Whole blood,NOTCH2,ENSG00000134250,-,,,3.839999999999999e-44,-,31086,35,-,eQTLGen_eQTL_EUR_2018
323,2674,rs212407,rs212407,chr6:159470417,chr6:159049385,G,A,Gene expression,NCIT_C16608,eQTLGen,eQTLGen,European,2018,Whole blood,RSPH3,ENSG00000130363,-,,,5.89e-44,-,31564,36,-,eQTLGen_eQTL_EUR_2018
324,87,rs13277113,rs13277113,chr8:11349186,chr8:11491677,A,G,Gene expression,NCIT_C16608,MuTHER,22941192,European,2012,Lymphoblastoid cell lines,C8orf13,-,ILMN_1687213,0.4167,0.030080000000000006,6.15e-44,+,777,1,-,MuTHER_eQTL_EUR_2012
332,749,rs597325,rs597325,chr6:91002494,chr6:90292775,A,G,Gene expression,NCIT_C16608,eQTLGen,eQTLGen,European,2018,Whole blood,BACH2,ENSG00000112182,-,,,1.3699999999999999e-42,+,31470,36,-,eQTLGen_eQTL_EUR_2018
338,3343,rs2289583,rs2289583,chr15:75311036,chr15:75018695,A,C,Gene expression,NCIT_C16608,eQTLGen,eQTLGen,European,2018,Whole blood,FAM219B,ENSG00000178761,-,,,1.31e-41,-,24941,34,-,eQTLGen_eQTL_EUR_2018
341,720,rs2297550,rs2297550,chr1:206643772,chr1:206470429,C,G,Gene expression,NCIT_C16608,eQTLGen,eQTLGen,European,2018,Whole blood,RP11-534L20.5,ENSG00000261000,-,,,1.83e-41,+,5492,13,-,eQTLGen_eQTL_EUR_2018
343,891,rs9387400,rs9387400,chr6:116694120,chr6:116372957,A,C,Gene expression,NCIT_C16608,eQTLGen,eQTLGen,European,2018,Whole blood,DSE,ENSG00000111817,-,,,2.3199999999999997e-41,-,31684,37,-,eQTLGen_eQTL_EUR_2018
350,5086,rs1547624,rs1547624,chr1:192543837,chr1:192574707,T,A,Gene expression,NCIT_C16608,BLUEPRINT,27863251,European,2016,Neutrophils,RGS1,ENSG00000090104.7,-,-1.335,0.1009,5.4599999999999996e-40,-,192,1,-,BLUEPRINT_eQTL_EUR_2016
354,2677,rs4748857,rs4748857,chr10:23599558,chr10:23310629,C,T,Gene expression,NCIT_C16608,eQTLGen,eQTLGen,European,2018,Whole blood,MSRB2,ENSG00000148450,-,,,1.85e-39,-,31352,35,-,eQTLGen_eQTL_EUR_2018
356,2953,rs2384991,rs2384991,chr19:18386634,chr19:18275824,A,C,Gene expression,NCIT_C16608,eQTLGen,eQTLGen,European,2018,Whole blood,KIAA1683,ENSG00000130518,-,,,4.85e-39,+,27070,34,-,eQTLGen_eQTL_EUR_2018
359,998,rs12548184,rs12548184,chr8:10786072,chr8:10928562,A,T,Gene expression,NCIT_C16608,eQTLGen,eQTLGen,European,2018,Whole blood,NEIL2,ENSG00000154328,-,,,1.97e-38,+,7667,12,-,eQTLGen_eQTL_EUR_2018
360,1358,rs74290525,rs74290525,chr6:31835162,chr6:31867385,A,G,Gene expression,NCIT_C16608,eQTLGen,eQTLGen,European,2018,Whole blood,SKIV2L,ENSG00000204351,-,,,2.49e-38,+,10792,13,-,eQTLGen_eQTL_EUR_2018
366,2901,rs12664535,rs12664535,chr6:57177666,chr6:57312868,A,T,Gene expression,NCIT_C16608,eQTLGen,eQTLGen,European,2018,Whole blood,RAB23,ENSG00000112210,-,,,9.32e-38,+,31017,34,-,eQTLGen_eQTL_EUR_2018
367,900,rs13389408,rs13389408,chr2:191933283,chr2:191068557,C,T,Gene expression,NCIT_C16608,eQTLGen,eQTLGen,European,2018,Whole blood,GLS,ENSG00000115419,-,,,1.8399999999999998e-37,+,31026,34,-,eQTLGen_eQTL_EUR_2018
371,2850,rs12822507,rs12822507,chr12:12773521,chr12:12620587,A,G,Gene expression,NCIT_C16608,eQTLGen,eQTLGen,European,2018,Whole blood,CREBL2,ENSG00000111269,-,,,3.18e-37,-,31684,37,-,eQTLGen_eQTL_EUR_2018
372,2577,rs9267972,rs9267972,chr6:32217232,chr6:32249455,A,G,Gene expression,NCIT_C16608,eQTLGen,eQTLGen,European,2018,Whole blood,MICB,ENSG00000204516,-,,,3.529999999999999e-37,-,7714,12,-,eQTLGen_eQTL_EUR_2018
376,1285,rs2176082,rs2176082,chr3:58331186,chr3:58345459,G,A,Gene expression,NCIT_C16608,eQTLGen,eQTLGen,European,2018,Whole blood,DNASE1L3,ENSG00000163687,-,,,8.65e-37,+,14263,16,-,eQTLGen_eQTL_EUR_2018
379,701,rs2275247,rs2275247,chr1:35908451,chr1:35442850,T,C,Gene expression,NCIT_C16608,eQTLGen,eQTLGen,European,2018,Whole blood,RP4-728D4.2,ENSG00000239636,-,,,1.2599999999999999e-36,+,4339,10,-,eQTLGen_eQTL_EUR_2018
380,2366,rs643955,rs643955,chr8:9891254,chr8:10033744,G,T,Gene expression,NCIT_C16608,eQTLGen,eQTLGen,European,2018,Whole blood,RP11-10A14.3,ENSG00000254340,-,,,1.3599999999999999e-36,-,910,3,-,eQTLGen_eQTL_EUR_2018
382,352,rs223883,rs223883,chr16:57388730,chr16:57354818,A,G,Gene expression,NCIT_C16608,eQTLGen,eQTLGen,European,2018,Whole blood,POLR2C,ENSG00000102978,-,,,3.32e-36,-,26490,35,-,eQTLGen_eQTL_EUR_2018
383,2090,rs7929541,rs7929541,chr11:633689,chr11:633689,T,C,Gene expression,NCIT_C16608,eQTLGen,eQTLGen,European,2018,Whole blood,DEAF1,ENSG00000177030,-,,,3.3399999999999994e-36,-,23113,29,-,eQTLGen_eQTL_EUR_2018
389,1324,rs7726414,rs7726414,chr5:133431834,chr5:134096143,C,T,Gene expression,NCIT_C16608,eQTLGen,eQTLGen,European,2018,Whole blood,SKP1,ENSG00000113558,-,,,2.67e-35,+,25867,27,-,eQTLGen_eQTL_EUR_2018
391,3559,rs17552904,rs17552904,chr7:50318308,chr7:50278712,G,T,Gene expression,NCIT_C16608,eQTLGen,eQTLGen,European,2018,Whole blood,IKZF1,ENSG00000185811,-,,,5.02e-35,+,31684,37,-,eQTLGen_eQTL_EUR_2018
397,4883,rs744600,rs744600,chr2:191564757,chr2:190700031,G,T,Exon expression,NCIT_C16608,Geuvadis,24037378,European,2013,Lymphoblastoid cell lines,NAB1,ENSG00000138386.12,ENSG00000138386.12_191520703_191520885,,,1.31e-34,,462,1,-,Geuvadis_eQTL_EUR_2013
402,4416,rs76246107,rs76246107,chr19:50121274,chr19:49618017,A,G,Gene expression,NCIT_C16608,BIOSQTL,27918533,European,2017,Whole blood,ALDH16A1,ENSG00000161618,ENSG00000161618,,,3.01e-34,+,2116,1,-,BIOSQTL_eQTL_EUR_2017
404,917,rs9603612,rs9603612,chr13:40334852,chr13:39760715,C,G,Gene expression,NCIT_C16608,GTEx,25954001,Unspecified,2015,Muscle skeletal,COG6,ENSG00000133103.12,-,0.5547,0.04169,5.3199999999999984e-34,+,491,1,-,GTEx-V7_eQTL_EUR_2017
410,3,rs137956,rs137956,chr22:40293463,chr22:39897459,C,T,Gene expression,NCIT_C16608,eQTLGen,eQTLGen,European,2018,Whole blood,GRAP2,ENSG00000100351,-,,,2.11e-33,-,31684,37,-,eQTLGen_eQTL_EUR_2018
411,2047,rs6677604,rs6677604,chr1:196686918,chr1:196717788,A,G,Gene expression,NCIT_C16608,GTEx,25954001,Unspecified,2015,Liver,CFHR1,ENSG00000244414.2,-,-1.108,0.06556000000000001,4.52e-33,-,153,1,-,GTEx-V7_eQTL_EUR_2017
416,4944,rs274068,rs274068,chr16:24898972,chr16:24887651,A,C,Gene expression,NCIT_C16608,eQTLGen,eQTLGen,European,2018,Whole blood,RP11-266L9.4,ENSG00000262587,-,,,9.7e-33,-,5488,13,-,eQTLGen_eQTL_EUR_2018
419,2664,rs1385374,rs1385374,chr12:129300694,chr12:128816149,C,T,Gene expression,NCIT_C16608,Joehanes R,28122634,Mixed,2017,Whole blood,STAP1,-,2729667,0.1358,0.01136,1.63e-32,+,5257,1,-,Joehanes-R_eQTL_EUR_2017
422,3111,rs7444,rs7444,chr22:21976934,chr22:21622645,C,T,Gene expression,NCIT_C16608,GTEx,25954001,Unspecified,2015,Artery tibial,CCDC116,ENSG00000161180.6,-,-0.7276,0.0547,1.85e-32,-,388,1,-,GTEx-V7_eQTL_EUR_2017
425,3400,rs2550333,rs2550333,chr16:58267472,chr16:58233568,G,T,Gene expression,NCIT_C16608,MuTHER,22941192,European,2012,Lymphoblastoid cell lines,CSNK2A2,-,ILMN_1723843,-0.1969,0.0167,2.1099999999999998e-32,-,777,1,-,MuTHER_eQTL_EUR_2012
429,2083,rs7329174,rs7329174,chr13:41558110,chr13:40983974,A,G,Gene expression,NCIT_C16608,eQTLGen,eQTLGen,European,2018,Whole blood,ELF1,ENSG00000120690,-,,,3.87e-32,+,5401,10,-,eQTLGen_eQTL_EUR_2018
431,3799,rs2663052,rs2663052,chr10:50069395,chr10:48861350,G,A,Gene expression,NCIT_C16608,eQTLGen,eQTLGen,European,2018,Whole blood,RP11-563N6.6,ENSG00000228403,-,,,3.97e-32,+,4339,10,-,eQTLGen_eQTL_EUR_2018
434,2337,rs13332649,rs13332649,chr16:85966683,chr16:85933077,A,G,Gene expression,NCIT_C16608,eQTLGen,eQTLGen,European,2018,Whole blood,RP11-542M13.3,ENSG00000268804,-,,,7.869999999999999e-32,-,5498,13,-,eQTLGen_eQTL_EUR_2018
439,3842,rs2269368,rs2269368,chrX:153189819,chrX:153924366,C,T,Gene expression,NCIT_C16608,GTEx,25954001,Unspecified,2015,Esophagus muscularis,TMEM187,ENSG00000177854.7,-,0.6668,0.05089,5.52e-31,+,335,1,-,GTEx-V7_eQTL_EUR_2017
448,2815,rs56154925,rs56154925,chr19:55737798,chr19:55226430,C,T,Gene expression,NCIT_C16608,eQTLGen,eQTLGen,European,2018,Whole blood,PPP6R1,ENSG00000105063,-,,,1.61e-30,+,27394,36,-,eQTLGen_eQTL_EUR_2018
455,753,rs2928402,rs2928402,chr10:50018165,chr10:48810120,C,T,Gene expression,NCIT_C16608,BIOSQTL,27918533,European,2017,Whole blood,WDFY4;RP11-523O18.5,ENSG00000128815;ENSG00000233665,ENSG00000128815;ENSG00000233665,,,1.83e-29,+,2116,1,-,BIOSQTL_eQTL_EUR_2017
466,3858,rs12736195,rs12736195,chr1:173307901,chr1:173338762,C,T,Gene expression,NCIT_C16608,Joehanes R,28122634,Mixed,2017,Whole blood,PRDX6,-,2367743,0.0398,0.00356,9.209999999999998e-29,+,5257,1,-,Joehanes-R_eQTL_EUR_2017
471,1190,rs6084875,rs6084875,chr20:4742705,chr20:4762059,A,G,Gene expression,NCIT_C16608,GTEx,25954001,Unspecified,2015,Testis,PRNT,ENSG00000180259.5,-,-0.755,0.05765,2.88e-28,-,225,1,-,GTEx-V7_eQTL_EUR_2017
478,3561,rs11887156,rs11887156,chr2:135066476,chr2:134308905,C,T,Gene expression,NCIT_C16608,eQTLGen,eQTLGen,European,2018,Whole blood,MGAT5,ENSG00000152127,-,,,1.4e-27,+,26194,28,-,eQTLGen_eQTL_EUR_2018
479,3292,rs10845606,rs10845606,chr12:12834894,chr12:12681960,A,C,Gene expression,NCIT_C16608,eQTLGen,eQTLGen,European,2018,Whole blood,GPR19,ENSG00000183150,-,,,1.48e-27,-,31644,36,-,eQTLGen_eQTL_EUR_2018
484,667,rs4948496,rs4948496,chr10:63805617,chr10:62045858,C,T,Gene expression,NCIT_C16608,eQTLGen,eQTLGen,European,2018,Whole blood,RTKN2,ENSG00000182010,-,,,2.3899999999999998e-27,-,31644,36,-,eQTLGen_eQTL_EUR_2018
485,2313,rs4852324,rs4852324,chr2:74202578,chr2:73975451,C,T,Gene expression,NCIT_C16608,eQTLGen,eQTLGen,European,2018,Whole blood,FNBP1P1,ENSG00000257800,-,,,2.71e-27,+,5498,13,-,eQTLGen_eQTL_EUR_2018
487,3360,rs131654,rs131654,chr22:21917190,chr22:21562901,G,T,Gene expression,NCIT_C16608,eQTLGen,eQTLGen,European,2018,Whole blood,PI4KAP2,ENSG00000183506,-,,,4.86e-27,+,6083,13,-,eQTLGen_eQTL_EUR_2018
489,4497,rs150518861,rs150518861,chr7:73566677,chr7:74152347,A,G,Gene expression,NCIT_C16608,eQTLGen,eQTLGen,European,2018,Whole blood,WBSCR27,ENSG00000165171,-,,,5.98e-27,+,4029,10,-,eQTLGen_eQTL_EUR_2018
497,2291,rs1885889,rs1885889,chr13:100091300,chr13:99439046,G,A,Gene expression,NCIT_C16608,eQTLGen,eQTLGen,European,2018,Whole blood,CLYBL,ENSG00000125246,-,,,1.36e-26,-,31684,37,-,eQTLGen_eQTL_EUR_2018
500,1163,rs10018951,rs10018951,chr4:184609373,chr4:183688220,C,T,Gene expression,NCIT_C16608,eQTLGen,eQTLGen,European,2018,Whole blood,TRAPPC11,ENSG00000168538,-,,,1.93e-26,+,25476,34,-,eQTLGen_eQTL_EUR_2018
506,1018,rs11231824,rs11231824,chr11:64354795,chr11:64587323,C,G,Gene expression,NCIT_C16608,eQTLGen,eQTLGen,European,2018,Whole blood,RPS6KA4,ENSG00000162302,-,,,6.180000000000001e-26,-,28383,33,-,eQTLGen_eQTL_EUR_2018
521,3003,rs180977001,rs180977001,chr3:58318464,chr3:58332737,A,C,Gene expression,NCIT_C16608,eQTLGen,eQTLGen,European,2018,Whole blood,FLNB,ENSG00000136068,-,,,3.64e-25,-,30044,30,-,eQTLGen_eQTL_EUR_2018
530,3389,rs7708392,rs7708392,chr5:150457485,chr5:151077924,C,G,Gene expression,NCIT_C16608,Westra H,24013639,European,2013,Peripheral blood,ANXA6,-,450671,,,1.05e-24,,5311,1,-,Westra-H_eQTL_EUR_2013
543,2305,rs6662618,rs6662618,chr1:92935411,chr1:92469854,G,T,Gene expression,NCIT_C16608,eQTLGen,eQTLGen,European,2018,Whole blood,GFI1,ENSG00000162676,-,,,2.5499999999999998e-24,+,31569,36,-,eQTLGen_eQTL_EUR_2018
549,3381,rs979233,rs979233,chr5:42375243,chr5:42375141,C,A,Gene expression,NCIT_C16608,eQTLGen,eQTLGen,European,2018,Whole blood,CCDC152,ENSG00000198865,-,,,4.55e-24,+,20736,26,-,eQTLGen_eQTL_EUR_2018
565,1020,rs8012283,rs8012283,chr14:51234160,chr14:50767442,A,G,Gene expression,NCIT_C16608,eQTLGen,eQTLGen,European,2018,Whole blood,NIN,ENSG00000100503,-,,,1.2499999999999999e-23,+,31562,36,-,eQTLGen_eQTL_EUR_2018
566,2767,rs6538678,rs6538678,chr12:96261568,chr12:95867790,A,G,Gene expression,NCIT_C16608,GTEx,25954001,Unspecified,2015,Thyroid,RNU6-247P,ENSG00000199506.1,-,0.8793,0.07854,1.29e-23,+,278,1,-,GTEx-V6p_eQTL_EUR_2016
581,2953,rs11057864,rs11057864,chr12:125335950,chr12:124851404,A,C,Gene expression,NCIT_C16608,eQTLGen,eQTLGen,European,2018,Whole blood,SCARB1,ENSG00000073060,-,,,6.770000000000001e-23,-,31141,35,-,eQTLGen_eQTL_EUR_2018
593,2352,rs4958880,rs4958880,chr5:150438477,chr5:151058916,A,C,Gene expression,NCIT_C16608,eQTLGen,eQTLGen,European,2018,Whole blood,GPX3,ENSG00000211445,-,,,3.06e-22,-,31567,36,-,eQTLGen_eQTL_EUR_2018
601,163,rs6695567,rs6695567,chr1:53629585,chr1:53163913,A,G,Gene expression,NCIT_C16608,eQTLGen,eQTLGen,European,2018,Whole blood,SCP2,ENSG00000116171,-,,,6.049999999999998e-22,+,31300,36,-,eQTLGen_eQTL_EUR_2018
609,3425,rs12706861,rs12706861,chr7:128616582,chr7:128976528,C,T,Gene expression,NCIT_C16608,eQTLGen,eQTLGen,European,2018,Whole blood,TSPAN33,ENSG00000158457,-,,,1.55e-21,+,31569,36,-,eQTLGen_eQTL_EUR_2018
610,1010,rs4745876,rs4745876,chr10:64425126,chr10:62665366,A,G,Gene expression,NCIT_C16608,eQTLGen,eQTLGen,European,2018,Whole blood,ADO,ENSG00000181915,-,,,1.76e-21,-,31566,36,-,eQTLGen_eQTL_EUR_2018
613,3867,rs956237,rs956237,chr4:109046960,chr4:108125804,A,G,Gene expression,NCIT_C16608,eQTLGen,eQTLGen,European,2018,Whole blood,CYP2U1,ENSG00000155016,-,,,2.39e-21,-,31306,35,-,eQTLGen_eQTL_EUR_2018
616,2124,rs7325747,rs7325747,chr13:100029932,chr13:99377678,C,T,Gene expression,NCIT_C16608,eQTLGen,eQTLGen,European,2018,Whole blood,CCR12P,ENSG00000238241,-,,,3.07e-21,+,5502,13,-,eQTLGen_eQTL_EUR_2018
619,1398,rs494003,rs494003,chr11:65542298,chr11:65774827,G,A,Gene expression,NCIT_C16608,eQTLGen,eQTLGen,European,2018,Whole blood,AP5B1,ENSG00000254470,-,,,3.379999999999999e-21,-,24941,34,-,eQTLGen_eQTL_EUR_2018
624,1911,rs1150754,rs1150754,chr6:32050758,chr6:32082981,T,C,Gene expression,NCIT_C16608,eQTLGen,eQTLGen,European,2018,Whole blood,STK19P,ENSG00000250535,-,,,4.5299999999999986e-21,-,4805,11,-,eQTLGen_eQTL_EUR_2018
648,1370,rs4930194,rs4930194,chr11:64310091,chr11:64542619,C,G,Gene expression,NCIT_C16608,eQTLGen,eQTLGen,European,2018,Whole blood,TRMT112,ENSG00000173113,-,,,3.32e-20,-,31481,35,-,eQTLGen_eQTL_EUR_2018
658,581,rs3135394,rs3135394,chr6:32408497,chr6:32440720,G,A,Gene expression,NCIT_C16608,GTEx,25954001,Unspecified,2015,Thyroid,HLA-DMA,ENSG00000204257.10,-,0.7773,0.07995,8.029999999999998e-20,+,399,1,-,GTEx-V7_eQTL_EUR_2017
662,2083,rs6679677,rs6679677,chr1:114303808,chr1:113761186,A,C,Gene expression,NCIT_C16608,eQTLGen,eQTLGen,European,2018,Whole blood,DCLRE1B,ENSG00000118655,-,,,1.08e-19,-,29600,33,-,eQTLGen_eQTL_EUR_2018
667,5363,rs58688157,rs58688157,chr11:625085,chr11:625085,A,G,Gene expression,NCIT_C16608,eQTLGen,eQTLGen,European,2018,Whole blood,EFCAB4A,ENSG00000177685,-,,,1.37e-19,-,21788,32,-,eQTLGen_eQTL_EUR_2018
670,2651,rs1635852,rs1635852,chr7:28189411,chr7:28149792,C,T,Gene expression,NCIT_C16608,eQTLGen,eQTLGen,European,2018,Whole blood,PRG4,ENSG00000116690,-,,,1.61e-19,+,31086,33,-,eQTLGen_eQTL_EUR_2018
672,3774,rs11697848,rs11697848,chr20:48575315,chr20:49958778,C,T,Gene expression,NCIT_C16608,eQTLGen,eQTLGen,European,2018,Whole blood,RNF114,ENSG00000124226,-,,,1.81e-19,-,25867,27,-,eQTLGen_eQTL_EUR_2018
682,2927,rs5986948,rs5986948,chrX:153266172,chrX:154000721,C,T,Gene expression,NCIT_C16608,GTEx,25954001,Unspecified,2015,Esophagus muscularis,HCFC1,ENSG00000172534.9,-,-0.3356,0.03488,3.86e-19,-,335,1,-,GTEx-V7_eQTL_EUR_2017
698,3809,rs11951576,rs11951576,chr5:6731413,chr5:6731300,C,T,Gene expression,NCIT_C16608,eQTLGen,eQTLGen,European,2018,Whole blood,PAPD7,ENSG00000112941,-,,,9.55e-19,+,31569,36,-,eQTLGen_eQTL_EUR_2018
701,1779,rs3129716,rs3129716,chr6:32657436,chr6:32689659,C,T,Gene expression,NCIT_C16608,eQTLGen,eQTLGen,European,2018,Whole blood,TRAV21,ENSG00000211801,-,,,1.31e-18,+,23789,28,-,eQTLGen_eQTL_EUR_2018
715,475,rs1535001,rs1535001,chr6:34927280,chr6:34959503,A,G,Gene expression,NCIT_C16608,Joehanes R,28122634,Mixed,2017,Whole blood,TAF11,-,2951300,-0.034,0.00388,2.7000000000000003e-18,-,5257,1,-,Joehanes-R_eQTL_EUR_2017
724,2412,rs1874252,rs1874252,chr15:38962756,chr15:38670555,T,G,Gene expression,NCIT_C16608,eQTLGen,eQTLGen,European,2018,Whole blood,RASGRP1,ENSG00000172575,-,,,5.56e-18,-,31684,37,-,eQTLGen_eQTL_EUR_2018
726,2829,rs11264750,rs11264750,chr1:157497160,chr1:157527370,A,G,Gene expression,NCIT_C16608,eQTLGen,eQTLGen,European,2018,Whole blood,FCRL5,ENSG00000143297,-,,,6.09e-18,+,15368,18,-,eQTLGen_eQTL_EUR_2018
729,385,rs4901847,rs4901847,chr14:58559241,chr14:58092523,C,T,Gene expression,NCIT_C16608,GTEx,25954001,Unspecified,2015,Adipose subcutaneous,C14orf37,ENSG00000139971.11,-,-0.3467,0.03794,7.63e-18,-,385,1,-,GTEx-V7_eQTL_EUR_2017
749,743,rs11578098,rs11578098,chr1:93119410,chr1:92653853,A,G,Gene expression,NCIT_C16608,Joehanes R,28122634,Mixed,2017,Whole blood,RPL5;SNORD21;FAM69A,-,2346863,0.0365,0.0043,2.88e-17,+,5257,1,-,Joehanes-R_eQTL_EUR_2017
753,5492,rs9782955,rs9782955,chr1:236039877,chr1:235876577,C,T,Gene expression,NCIT_C16608,BLUEPRINT,27863251,European,2016,T cells,LYST,ENSG00000143669.8,-,-0.9276,0.1101,3.58e-17,-,169,1,-,BLUEPRINT_eQTL_EUR_2016
788,2188,rs1913517,rs1913517,chr10:50119054,chr10:48911009,A,G,Gene expression,NCIT_C16608,eQTLGen,eQTLGen,European,2018,Whole blood,C10orf128,ENSG00000204161,-,,,2.17e-16,+,25797,31,-,eQTLGen_eQTL_EUR_2018
795,2967,rs9937837,rs9937837,chr16:31298939,chr16:31287618,G,T,Gene expression,NCIT_C16608,Joehanes R,28122634,Mixed,2017,Whole blood,SSBP4,-,3825013,-0.031,0.00377,2.5e-16,-,5257,1,-,Joehanes-R_eQTL_EUR_2017
823,578,rs4690055,rs4690055,chr4:2748663,chr4:2746936,A,G,Gene expression,NCIT_C16608,eQTLGen,eQTLGen,European,2018,Whole blood,RNF4,ENSG00000063978,-,,,9.300000000000001e-16,+,28702,33,-,eQTLGen_eQTL_EUR_2018
825,376,rs6601327,rs6601327,chr8:9395532,chr8:9538022,A,G,Gene expression,NCIT_C16608,eQTLGen,eQTLGen,European,2018,Whole blood,RP11-981G7.2,ENSG00000253641,-,,,1.0699999999999998e-15,-,5502,13,-,eQTLGen_eQTL_EUR_2018
830,3889,rs7200786,rs7200786,chr16:11177801,chr16:11083944,A,G,Gene expression,NCIT_C16608,eQTLGen,eQTLGen,European,2018,Whole blood,RMI2,ENSG00000175643,-,,,1.4400000000000001e-15,-,25352,34,-,eQTLGen_eQTL_EUR_2018
852,3878,rs564976,rs564976,chr3:159729059,chr3:160011272,A,G,Exon expression,NCIT_C16608,Geuvadis,24037378,European,2013,Lymphoblastoid cell lines,IL12A,ENSG00000168811.2,ENSG00000168811.2_159713191_159713806,,,4.62e-15,,462,1,-,Geuvadis_eQTL_EUR_2013
855,2983,rs10254284,rs10254284,chr7:28167391,chr7:28127772,A,T,Gene expression,NCIT_C16608,eQTLGen,eQTLGen,European,2018,Whole blood,ANKRD55,ENSG00000164512,-,,,5.21e-15,-,31355,35,-,eQTLGen_eQTL_EUR_2018
863,2166,rs7172677,rs7172677,chr15:75424593,chr15:75132252,A,C,Gene expression,NCIT_C16608,eQTLGen,eQTLGen,European,2018,Whole blood,MAN2C1,ENSG00000140400,-,,,7.57e-15,-,31350,35,-,eQTLGen_eQTL_EUR_2018
869,1988,rs6049839,rs6049839,chr20:2518565,chr20:2537919,G,T,Gene expression,NCIT_C16608,eQTLGen,eQTLGen,European,2018,Whole blood,NOP56,ENSG00000101361,-,,,1.11e-14,-,31086,35,-,eQTLGen_eQTL_EUR_2018
882,2942,rs10892286,rs10892286,chr11:118642085,chr11:118771376,A,C,Gene expression,NCIT_C16608,GTEx,25954001,Unspecified,2015,Stomach,TREH,ENSG00000118094.7,-,0.4709,0.05682,1.65e-14,+,237,1,-,GTEx-V7_eQTL_EUR_2017
883,2112,rs3828069,rs3828069,chr1:67839573,chr1:67373890,C,T,Gene expression,NCIT_C16608,GTEx,25954001,Unspecified,2015,Muscle skeletal,SERBP1,ENSG00000142864.10,-,0.2595,0.032639999999999995,1.7e-14,+,491,1,-,GTEx-V7_eQTL_EUR_2017
884,2493,rs930297,rs930297,chr17:73404537,chr17:75408456,C,T,Gene expression,NCIT_C16608,eQTLGen,eQTLGen,European,2018,Whole blood,SLC16A5,ENSG00000170190,-,,,1.73e-14,-,31684,37,-,eQTLGen_eQTL_EUR_2018
895,768,rs2431098,rs2431098,chr5:159887336,chr5:160460329,G,A,Gene expression,NCIT_C16608,eQTLGen,eQTLGen,European,2018,Whole blood,PTTG1,ENSG00000164611,-,,,2.43e-14,+,8849,14,-,eQTLGen_eQTL_EUR_2018
907,3531,rs9394274,rs9394274,chr6:35114911,chr6:35147134,A,C,Gene expression,NCIT_C16608,GTEx,25954001,Unspecified,2015,Cells transformed fibroblasts,SCUBE3,ENSG00000146197.7,-,-0.277,0.0346,4.6e-14,-,300,1,-,GTEx-V7_eQTL_EUR_2017
913,2319,rs877819,rs877819,chr10:50042951,chr10:48834906,A,G,Gene expression,NCIT_C16608,MuTHER,22941192,European,2012,Lymphoblastoid cell lines,C10orf64,-,ILMN_1664488,0.09318,0.01239,5.54e-14,+,777,1,-,MuTHER_eQTL_EUR_2012
920,12,rs340630,rs340630,chr4:87958395,chr4:87037243,A,G,Gene expression,NCIT_C16608,Joehanes R,28122634,Mixed,2017,Whole blood,AFF1,-,2734784,0.0124,0.00165,7.5e-14,+,5257,1,-,Joehanes-R_eQTL_EUR_2017
940,2834,rs3024493,rs3024493,chr1:206943968,chr1:206770623,C,A,Gene expression,NCIT_C16608,eQTLGen,eQTLGen,European,2018,Whole blood,FAIM3,ENSG00000162894,-,,,1.3e-13,-,31300,36,-,eQTLGen_eQTL_EUR_2018
949,4535,rs1150755,rs1150755,chr6:32038550,chr6:32070773,T,C,Gene expression,NCIT_C16608,BIOSQTL,27918533,European,2017,Whole blood,SNORD52;C6orf48,ENSG00000201754;ENSG00000204387,ENSG00000201754;ENSG00000204387,,,1.6e-13,-,2116,1,-,BIOSQTL_eQTL_EUR_2017
1008,1008,rs3768792,rs3768792,chr2:213871709,chr2:213006985,G,A,Gene expression,NCIT_C16608,eQTLGen,eQTLGen,European,2018,Whole blood,IKZF2,ENSG00000030419,-,,,1.38e-12,-,31684,37,-,eQTLGen_eQTL_EUR_2018
1015,3046,rs12620999,rs12620999,chr2:238036367,chr2:237127724,C,T,Gene expression,NCIT_C16608,eQTLGen,eQTLGen,European,2018,Whole blood,COPS8,ENSG00000198612,-,,,1.49e-12,+,31298,36,-,eQTLGen_eQTL_EUR_2018
1018,6,rs2238573,rs2238573,chr19:945013,chr19:945013,A,G,Gene expression,NCIT_C16608,eQTLGen,eQTLGen,European,2018,Whole blood,CFD,ENSG00000197766,-,,,1.53e-12,-,23577,32,-,eQTLGen_eQTL_EUR_2018
1020,285,rs2431099,rs2431099,chr5:159886620,chr5:160459613,G,A,Gene expression,NCIT_C16608,eQTLGen,eQTLGen,European,2018,Whole blood,SLU7,ENSG00000164609,-,,,1.68e-12,-,31684,37,-,eQTLGen_eQTL_EUR_2018
1039,4044,rs1780813,rs1780813,chr1:246444082,chr1:246280780,T,C,Gene expression,NCIT_C16608,Fairfax B,22446964,European,2012,B cells,SLC16A14,-,-,,,3.19e-12,,288,1,-,eQTL_2017
1045,5682,rs7819602,rs7819602,chr8:10726842,chr8:10869332,C,G,Gene expression,NCIT_C16608,eQTLGen,eQTLGen,European,2018,Whole blood,XKR6,ENSG00000171044,-,,,3.84e-12,-,31563,36,-,eQTLGen_eQTL_EUR_2018
1047,3815,rs11073328,rs11073328,chr15:38764843,chr15:38472642,C,T,Gene expression,NCIT_C16608,eQTLGen,eQTLGen,European,2018,Whole blood,FAM98B,ENSG00000171262,-,,,4.17e-12,+,31086,33,-,eQTLGen_eQTL_EUR_2018
1048,2058,rs2283790,rs2283790,chr22:21956653,chr22:21602364,A,G,Gene expression,NCIT_C16608,eQTLGen,eQTLGen,European,2018,Whole blood,PPM1F,ENSG00000100034,-,,,4.25e-12,-,31468,36,-,eQTLGen_eQTL_EUR_2018
1059,904,rs427221,rs427221,chr3:28075985,chr3:28034494,T,C,Gene expression,NCIT_C16608,MuTHER,22941192,European,2012,Lymphoblastoid cell lines,EOMES,-,ILMN_1760509,0.1418,0.02061,5.84e-12,+,777,1,-,MuTHER_eQTL_EUR_2012
1081,3742,rs11117433,rs11117433,chr16:86019516,chr16:85985910,C,G,Gene expression,NCIT_C16608,eQTLGen,eQTLGen,European,2018,Whole blood,MS4A6A,ENSG00000110077,-,,,1.08e-11,+,30820,35,-,eQTLGen_eQTL_EUR_2018
1116,2902,rs12993006,rs12993006,chr2:127758448,chr2:127000872,C,T,Gene expression,NCIT_C16608,eQTLGen,eQTLGen,European,2018,Whole blood,BIN1,ENSG00000136717,-,,,2.64e-11,+,31569,36,-,eQTLGen_eQTL_EUR_2018
1133,1195,rs1364989,rs1364989,chr4:55011769,chr4:54145602,T,C,Gene expression,NCIT_C16608,GTEx,25954001,Unspecified,2015,Skin sun exposed lower leg,GSX2,ENSG00000180613.6,-,-0.4152,0.06084,3.9500000000000006e-11,-,414,1,-,GTEx-V7_eQTL_EUR_2017
1145,3031,rs1170426,rs1170426,chr16:68603798,chr16:68569895,C,T,Gene expression,NCIT_C16608,Joehanes R,28122634,Mixed,2017,Whole blood,MCOLN2,-,2420642,0.0319,0.00483,4.55e-11,+,5257,1,-,Joehanes-R_eQTL_EUR_2017
1152,4133,rs2453042,rs2453042,chr1:120528932,chr1:119986309,G,A,Gene expression,NCIT_C16608,eQTLGen,eQTLGen,European,2018,Whole blood,REG4,ENSG00000134193,-,,,5.42e-11,+,27041,30,-,eQTLGen_eQTL_EUR_2018
1169,2314,rs2041670,rs2041670,chr16:11174652,chr16:11080795,G,A,Gene expression,NCIT_C16608,eQTLGen,eQTLGen,European,2018,Whole blood,CLEC16A,ENSG00000038532,-,,,7.55e-11,-,26395,35,-,eQTLGen_eQTL_EUR_2018
1175,4383,rs13069553,rs13069553,chr3:169508272,chr3:169790484,A,G,Gene expression,NCIT_C16608,GTEx,25954001,Unspecified,2015,Testis,MYNN,ENSG00000085274.11,-,-0.4417,0.06415,8.35e-11,-,225,1,-,GTEx-V7_eQTL_EUR_2017
1195,3049,rs5754467,rs5754467,chr22:21985094,chr22:21630805,A,G,Gene expression,NCIT_C16608,BIOSQTL,27918533,European,2017,Whole blood,PPIL2;YPEL1,ENSG00000100023;ENSG00000100027,ENSG00000100023;ENSG00000100027,,,1.35e-10,-,2116,1,-,BIOSQTL_eQTL_EUR_2017
1208,3112,rs4859711,rs4859711,chr4:77665279,chr4:76744126,A,G,Gene expression,NCIT_C16608,eQTLGen,eQTLGen,European,2018,Whole blood,NAAA,ENSG00000138744,-,,,1.56e-10,-,31470,36,-,eQTLGen_eQTL_EUR_2018
1216,1192,rs10753074,rs10753074,chr1:173346343,chr1:173377204,C,T,Gene expression,NCIT_C16608,eQTLGen,eQTLGen,European,2018,Whole blood,TNFRSF13B,ENSG00000240505,-,,,1.7500000000000002e-10,-,30744,34,-,eQTLGen_eQTL_EUR_2018
1226,2437,rs3024505,rs3024505,chr1:206939904,chr1:206766559,G,A,Gene expression,NCIT_C16608,eQTLGen,eQTLGen,European,2018,Whole blood,IL24,ENSG00000162892,-,,,2.11e-10,-,25717,34,-,eQTLGen_eQTL_EUR_2018
1236,3376,rs1405209,rs1405209,chr9:102585545,chr9:99823263,T,C,Gene expression,NCIT_C16608,eQTLGen,eQTLGen,European,2018,Whole blood,INVS,ENSG00000119509,-,,,2.46e-10,+,31684,37,-,eQTLGen_eQTL_EUR_2018
1242,752,rs13116227,rs13116227,chr4:8558266,chr4:8556539,C,T,Gene expression,NCIT_C16608,GTEx,25954001,Unspecified,2015,Esophagus mucosa,GPR78,ENSG00000155269.7,-,0.3102,0.04738,2.64e-10,+,358,1,-,GTEx-V7_eQTL_EUR_2017
1250,2070,rs3122605,rs3122605,chr1:206955041,chr1:206781696,A,G,Gene expression,NCIT_C16608,Joehanes R,28122634,Mixed,2017,Whole blood,FAIM3;IL24,-,2452977,-0.0212,0.00336,3.04e-10,-,5257,1,-,Joehanes-R_eQTL_EUR_2017
1262,786,rs9889107,rs9889107,chr16:28306987,chr16:28295666,A,G,Gene expression,NCIT_C16608,eQTLGen,eQTLGen,European,2018,Whole blood,CCDC101,ENSG00000176476,-,,,3.71e-10,+,21120,31,-,eQTLGen_eQTL_EUR_2018
1272,2759,rs4388254,rs4388254,chr5:133428601,chr5:134092910,C,T,Gene expression,NCIT_C16608,eQTLGen,eQTLGen,European,2018,Whole blood,SOX8,ENSG00000005513,-,,,4.32e-10,+,30902,34,-,eQTLGen_eQTL_EUR_2018
1278,4938,rs7333671,rs7333671,chr13:74278965,chr13:73704828,A,G,Gene expression,NCIT_C16608,eQTLGen,eQTLGen,European,2018,Whole blood,KLF5,ENSG00000102554,-,,,4.49e-10,+,30820,35,-,eQTLGen_eQTL_EUR_2018
1297,3640,rs11085725,rs11085725,chr19:10462513,chr19:10351837,C,T,Gene expression,NCIT_C16608,BIOSQTL,27918533,European,2017,Whole blood,ZGLP1,ENSG00000220201,ENSG00000220201,,,5.800000000000001e-10,-,2116,1,-,BIOSQTL_eQTL_EUR_2017
1298,4914,rs12711490,rs12711490,chr16:85973028,chr16:85939422,C,T,Gene expression,NCIT_C16608,eQTLGen,eQTLGen,European,2018,Whole blood,CYP1B1,ENSG00000138061,-,,,5.83e-10,+,31684,37,-,eQTLGen_eQTL_EUR_2018
1311,4907,rs11724582,rs11724582,chr4:123391464,chr4:122470309,A,G,Gene expression,NCIT_C16608,eQTLGen,eQTLGen,European,2018,Whole blood,KIAA1109,ENSG00000138688,-,,,7.439999999999999e-10,-,31254,33,-,eQTLGen_eQTL_EUR_2018
1314,3878,rs564799,rs564799,chr3:159728987,chr3:160011200,C,T,Gene expression,NCIT_C16608,eQTLGen,eQTLGen,European,2018,Whole blood,KRT8P12,ENSG00000229320,-,,,7.610000000000001e-10,-,5502,13,-,eQTLGen_eQTL_EUR_2018
1322,1109,rs4252665,rs4252665,chr17:37885383,chr17:39729130,C,T,Gene expression,NCIT_C16608,eQTLGen,eQTLGen,European,2018,Whole blood,MIEN1,ENSG00000141741,-,,,8.490000000000002e-10,+,20900,30,-,eQTLGen_eQTL_EUR_2018
1344,4046,rs4697651,rs4697651,chr4:10721433,chr4:10719809,C,T,Gene expression,NCIT_C16608,GTEx,25954001,Unspecified,2015,Brain cerebellum,CLNK,ENSG00000109684.10,-,-0.7257,0.1096,1.15e-09,-,154,1,-,GTEx-V7_eQTL_EUR_2017
1353,2192,rs10521318,rs10521318,chr16:86011337,chr16:85977731,T,C,Gene expression,NCIT_C16608,eQTLGen,eQTLGen,European,2018,Whole blood,C16orf74,ENSG00000154102,-,,,1.3699999999999998e-09,-,31509,36,-,eQTLGen_eQTL_EUR_2018
1386,1369,rs2222631,rs2222631,chr3:119272391,chr3:119553544,G,A,Gene expression,NCIT_C16608,eQTLGen,eQTLGen,European,2018,Whole blood,ADPRH,ENSG00000144843,-,,,2.03e-09,-,31670,37,-,eQTLGen_eQTL_EUR_2018
1390,2393,rs12531540,rs12531540,chr7:28162674,chr7:28123055,C,T,Gene expression,NCIT_C16608,eQTLGen,eQTLGen,European,2018,Whole blood,DDX24,ENSG00000089737,-,,,2.0800000000000003e-09,+,31684,37,-,eQTLGen_eQTL_EUR_2018
1413,2322,rs112846137,rs112846137,chr3:160312921,chr3:160595133,G,T,Gene expression,NCIT_C16608,eQTLGen,eQTLGen,European,2018,Whole blood,TRIM59,ENSG00000213186,-,,,2.8300000000000004e-09,-,31566,36,-,eQTLGen_eQTL_EUR_2018
1414,3356,rs3934007,rs3934007,chr11:113539080,chr11:113668358,G,A,Gene expression,NCIT_C16608,eQTLGen,eQTLGen,European,2018,Whole blood,HTR3A,ENSG00000166736,-,,,2.85e-09,-,31470,36,-,eQTLGen_eQTL_EUR_2018
1416,4055,rs353592,rs353592,chr11:35119482,chr11:35097935,G,A,Gene expression,NCIT_C16608,eQTLGen,eQTLGen,European,2018,Whole blood,RP1-68D18.4,ENSG00000255443,-,,,2.89e-09,+,4988,12,-,eQTLGen_eQTL_EUR_2018
1427,4909,rs10954650,rs10954650,chr7:139326552,chr7:139641806,C,T,Gene expression,NCIT_C16608,STARNET,25720628,European,2015,Subcutaneous fat,HIPK2,ENSG00000064393.11,-,,,3.42e-09,,600,1,-,eQTL_2017
1433,2107,rs7411387,rs7411387,chr1:111837135,chr1:111294513,C,T,Gene expression,NCIT_C16608,eQTLGen,eQTLGen,European,2018,Whole blood,CHI3L2,ENSG00000064886,-,,,3.75e-09,+,30895,35,-,eQTLGen_eQTL_EUR_2018
1454,745,rs13385731,rs13385731,chr2:33701890,chr2:33476823,C,T,Gene expression,NCIT_C16608,eQTLGen,eQTLGen,European,2018,Whole blood,FAM98A,ENSG00000119812,-,,,4.9e-09,+,30639,35,-,eQTLGen_eQTL_EUR_2018
1478,4495,rs958476,rs958476,chr11:129321818,chr11:129451923,T,G,Gene expression,NCIT_C16608,eQTLGen,eQTLGen,European,2018,Whole blood,ARHGAP32,ENSG00000134909,-,,,6.990000000000002e-09,-,31684,37,-,eQTLGen_eQTL_EUR_2018
1497,846,rs10911628,rs10911628,chr1:184649503,chr1:184680369,A,C,Gene expression,NCIT_C16608,Joehanes R,28122634,Mixed,2017,Whole blood,EDEM3,-,2447824,0.0229,0.00397,8.46e-09,+,5257,1,-,Joehanes-R_eQTL_EUR_2017
1554,746,rs17083844,rs17083844,chr18:68842243,chr18:71175007,A,G,Gene expression,NCIT_C16608,Joehanes R,28122634,Mixed,2017,Whole blood,PDE6A,-,2881083,0.0403,0.007140000000000001,1.71e-08,+,5257,1,-,Joehanes-R_eQTL_EUR_2017
1581,1189,rs34572943,rs34572943,chr16:31272353,chr16:31261032,G,A,Gene expression,NCIT_C16608,eQTLGen,eQTLGen,European,2018,Whole blood,ITGAL,ENSG00000005844,-,,,2.32e-08,+,31240,35,-,eQTLGen_eQTL_EUR_2018
1591,5484,rs387619,rs387619,chr11:35098193,chr11:35076646,T,C,Gene expression,NCIT_C16608,Zeller,20502693,European,2010,Peripheral blood monocytes,PYGM,-,-,,,2.52e-08,,1490,1,-,GRASP
1605,931,rs10912578,rs10912578,chr1:173251856,chr1:173282717,A,G,Gene expression,NCIT_C16608,eQTLGen,eQTLGen,European,2018,Whole blood,TNFSF4,ENSG00000117586,-,,,2.8e-08,+,31349,35,-,eQTLGen_eQTL_EUR_2018
1619,2324,rs11644034,rs11644034,chr16:85972612,chr16:85939006,A,G,Gene expression,NCIT_C16608,Zeller,20502693,European,2010,Peripheral blood monocytes,COX4NB,-,-,,,3.12e-08,,1490,1,-,GRASP
1656,372,rs1478897,rs1478897,chr8:11395232,chr8:11537723,T,A,Gene expression,NCIT_C16608,eQTLGen,eQTLGen,European,2018,Whole blood,FAM86B1,ENSG00000186523,-,,,4.26e-08,-,6416,14,-,eQTLGen_eQTL_EUR_2018
1683,2955,rs7090925,rs7090925,chr10:8479868,chr10:8437905,A,G,Gene expression,NCIT_C16608,eQTLGen,eQTLGen,European,2018,Whole blood,GATA3,ENSG00000107485,-,,,5.49e-08,-,31684,37,-,eQTLGen_eQTL_EUR_2018
1691,4335,rs17630235,rs17630235,chr12:112591686,chr12:112153882,A,G,Gene expression,NCIT_C16608,Joehanes R,28122634,Mixed,2017,Whole blood,RICTOR,-,2854241,-0.0128,0.00236,5.83e-08,-,5257,1,-,Joehanes-R_eQTL_EUR_2017
1694,281,rs12537284,rs12537284,chr7:128717906,chr7:129077852,A,G,Gene expression,NCIT_C16608,eQTLGen,eQTLGen,European,2018,Whole blood,RP11-274B21.2,ENSG00000243302,-,,,5.99e-08,-,5502,13,-,eQTLGen_eQTL_EUR_2018
1717,1984,rs10276619,rs10276619,chr7:50313352,chr7:50273756,A,G,Gene expression,NCIT_C16608,eQTLGen,eQTLGen,European,2018,Whole blood,FIGNL1,ENSG00000132436,-,,,7.03e-08,+,31684,37,-,eQTLGen_eQTL_EUR_2018
1761,2175,rs3757387,rs3757387,chr7:128576086,chr7:128936032,T,C,Gene expression,NCIT_C16608,eQTLGen,eQTLGen,European,2018,Whole blood,CD300E,ENSG00000186407,-,,,1.02e-07,-,14263,16,-,eQTLGen_eQTL_EUR_2018
1765,3002,rs17881940,rs17881940,chr17:40476667,chr17:42324649,G,C,Gene expression,NCIT_C16608,GTEx,25954001,Unspecified,2015,Testis,HSPB9,ENSG00000197723.3,-,0.4089,0.07402,1.09e-07,+,225,1,-,GTEx-V7_eQTL_EUR_2017
1803,3669,rs11655550,rs11655550,chr17:37610123,chr17:39453870,C,T,Gene expression,NCIT_C16608,Zeller,20502693,European,2010,Peripheral blood monocytes,CMIP,-,-,,,1.44e-07,,1490,1,-,GRASP
1816,4939,rs7941765,rs7941765,chr11:128499000,chr11:128629105,C,T,Gene expression,NCIT_C16608,eQTLGen,eQTLGen,European,2018,Whole blood,RP11-744N12.3,ENSG00000245008,-,,,1.62e-07,-,10398,19,-,eQTLGen_eQTL_EUR_2018
1848,3461,rs6946131,rs6946131,chr7:54783373,chr7:54715680,C,T,Gene expression,NCIT_C16608,GTEx,25954001,Unspecified,2015,Thyroid,SEC61G,ENSG00000132432.9,-,0.1622,0.03062,2.14e-07,+,399,1,-,GTEx-V7_eQTL_EUR_2017
1856,4873,rs4675354,rs4675354,chr2:204471473,chr2:203606750,A,C,Gene expression,NCIT_C16608,eQTLGen,eQTLGen,European,2018,Whole blood,ICA1L,ENSG00000163596,-,,,2.26e-07,-,31684,37,-,eQTLGen_eQTL_EUR_2018
1858,1987,rs10798176,rs10798176,chr1:172675525,chr1:172706385,C,T,Gene expression,NCIT_C16608,GTEx,25954001,Unspecified,2015,Pituitary,VAMP4,ENSG00000117533.10,-,0.2957,0.05389,2.31e-07,+,157,1,-,GTEx-V7_eQTL_EUR_2017
1876,3610,rs1946007,rs1946007,chr11:128283445,chr11:128413550,T,G,Gene expression,NCIT_C16608,Joehanes R,28122634,Mixed,2017,Whole blood,ETS1,-,3397589,0.0116,0.00225,2.72e-07,+,5257,1,-,Joehanes-R_eQTL_EUR_2017
1913,974,rs2111485,rs2111485,chr2:163110536,chr2:162254026,A,G,Gene expression,NCIT_C16608,eQTLGen,eQTLGen,European,2018,Whole blood,USP18,ENSG00000184979,-,,,3.78e-07,-,18354,26,-,eQTLGen_eQTL_EUR_2018
1967,5123,rs76413021,rs76413021,chr1:173206297,chr1:173237158,A,G,Gene expression,NCIT_C16608,GTEx,25954001,Unspecified,2015,Cells transformed fibroblasts,GAS5,ENSG00000234741.3,-,0.7314,0.1423,5.59e-07,+,300,1,-,GTEx-V7_eQTL_EUR_2017
1974,3753,rs2301271,rs2301271,chr6:32725193,chr6:32757416,G,A,Gene expression,NCIT_C16608,eQTLGen,eQTLGen,European,2018,Whole blood,SMAD3,ENSG00000166949,-,,,5.9e-07,-,30603,34,-,eQTLGen_eQTL_EUR_2018
1996,784,rs6889239,rs6889239,chr5:150457771,chr5:151078210,C,T,Gene expression,NCIT_C16608,eQTLGen,eQTLGen,European,2018,Whole blood,SLC36A1,ENSG00000123643,-,,,6.66e-07,+,31354,35,-,eQTLGen_eQTL_EUR_2018
2046,340,rs849142,rs849142,chr7:28185891,chr7:28146272,T,C,Gene expression,NCIT_C16608,eQTLGen,eQTLGen,European,2018,Whole blood,RP11-403A21.2,ENSG00000264745,-,,,8.42e-07,+,5502,13,-,eQTLGen_eQTL_EUR_2018
2107,2608,rs6131014,rs6131014,chr20:44737383,chr20:46108744,C,T,Gene expression,NCIT_C16608,eQTLGen,eQTLGen,European,2018,Whole blood,NCOA5,ENSG00000124160,-,,,1.12e-06,-,30818,35,-,eQTLGen_eQTL_EUR_2018
2113,2887,rs11860650,rs11860650,chr16:31326706,chr16:31315385,C,T,Gene expression,NCIT_C16608,Joehanes R,28122634,Mixed,2017,Whole blood,SH3GL1;SH3GL1P1;SH3GL1P2;LOC100499466,-,3846742,0.0195,0.004,1.15e-06,+,5257,1,-,Joehanes-R_eQTL_EUR_2017
2156,1435,rs6486730,rs6486730,chr12:129275027,chr12:128790482,A,G,Gene expression,NCIT_C16608,Joehanes R,28122634,Mixed,2017,Whole blood,FBXL22;HERC1;LOC100130855,-,3597702,0.0224,0.00464,1.46e-06,+,5257,1,-,Joehanes-R_eQTL_EUR_2017
2160,155,rs2984920,rs2984920,chr1:192544795,chr1:192575665,A,G,Gene expression,NCIT_C16608,eQTLGen,eQTLGen,European,2018,Whole blood,CDC73,ENSG00000134371,-,,,1.48e-06,+,31598,36,-,eQTLGen_eQTL_EUR_2018
2177,728,rs1463525,rs1463525,chr3:174961387,chr3:175243598,C,T,Gene expression,NCIT_C16608,Joehanes R,28122634,Mixed,2017,Whole blood,GATC;SRSF9,-,3474502,-0.0168,0.0035,1.64e-06,-,5257,1,-,Joehanes-R_eQTL_EUR_2017
2192,2931,rs911263,rs911263,chr14:68753593,chr14:68286876,T,C,Gene expression trans,NCIT_C16608,Westra H,24013639,European,2013,Peripheral blood,ASB16,-,2320152,,,1.81e-06,,5311,1,-,Westra-H_eQTL_EUR_2013
2195,2994,rs58721818,rs58721818,chr6:138243739,chr6:137922602,C,T,Gene expression,NCIT_C16608,Joehanes R,28122634,Mixed,2017,Whole blood,C21orf67;FAM207A,-,3923982,0.0691,0.01446,1.83e-06,+,5257,1,-,Joehanes-R_eQTL_EUR_2017
2198,2649,rs10057690,rs10057690,chr5:150445215,chr5:151065654,C,T,Gene expression,NCIT_C16608,eQTLGen,eQTLGen,European,2018,Whole blood,IRGM,ENSG00000237693,-,,,1.87e-06,-,26180,32,-,eQTLGen_eQTL_EUR_2018
2199,4511,rs12148050,rs12148050,chr14:103263788,chr14:102797451,A,G,Gene expression,NCIT_C16608,eQTLGen,eQTLGen,European,2018,Whole blood,RP11-278H7.1,ENSG00000226828,-,,,1.87e-06,+,20824,26,-,eQTLGen_eQTL_EUR_2018
2226,4434,rs11185603,rs11185603,chr7:50306810,chr7:50267214,C,G,Gene expression,NCIT_C16608,Joehanes R,28122634,Mixed,2017,Whole blood,IGF2R;LOC729603,-,2934308,-0.0088,0.00186,2.17e-06,-,5257,1,-,Joehanes-R_eQTL_EUR_2017
2237,2645,rs12068671,rs12068671,chr1:172681031,chr1:172711891,C,T,Gene expression,NCIT_C16608,GTEx,25954001,Unspecified,2015,Breast mammary tissue,SUCO,ENSG00000094975.9,-,0.247,0.05076,2.31e-06,+,251,1,-,GTEx-V7_eQTL_EUR_2017
2251,1017,rs7897633,rs7897633,chr10:52957721,chr10:51197961,A,C,Gene expression,NCIT_C16608,eQTLGen,eQTLGen,European,2018,Whole blood,IGKV2D-30,ENSG00000239571,-,,,2.44e-06,+,5502,13,-,eQTLGen_eQTL_EUR_2018
2256,3995,rs2855772,rs2855772,chr4:55548475,chr4:54682309,C,T,Gene expression,NCIT_C16608,eQTLGen,eQTLGen,European,2018,Whole blood,KIT,ENSG00000157404,-,,,2.48e-06,+,30816,33,-,eQTLGen_eQTL_EUR_2018
2267,723,rs10905718,rs10905718,chr10:6114856,chr10:6072893,A,G,Gene expression,NCIT_C16608,Joehanes R,28122634,Mixed,2017,Whole blood,RTDR1;GNAZ,-,3954596,0.0186,0.00395,2.57e-06,+,5257,1,-,Joehanes-R_eQTL_EUR_2017
2275,3513,rs3821236,rs3821236,chr2:191902758,chr2:191038032,A,G,Gene expression trans,NCIT_C16608,Westra H,24013639,European,2013,Peripheral blood,TRHR,-,60736,,,2.62e-06,,5311,1,-,Westra-H_eQTL_EUR_2013
2284,3722,rs9652601,rs9652601,chr16:11174365,chr16:11080508,A,G,Gene expression,NCIT_C16608,eQTLGen,eQTLGen,European,2018,Whole blood,CHN1,ENSG00000128656,-,,,2.71e-06,+,31569,36,-,eQTLGen_eQTL_EUR_2018
2293,4908,rs56886418,rs56886418,chr6:106538727,chr6:106090852,A,G,Gene expression,NCIT_C16608,eQTLGen,eQTLGen,European,2018,Whole blood,QRSL1,ENSG00000130348,-,,,2.86e-06,+,31355,36,-,eQTLGen_eQTL_EUR_2018
2298,0,rs12444486,rs12444486,chr16:85992649,chr16:85959043,C,T,Gene expression,NCIT_C16608,Joehanes R,28122634,Mixed,2017,Whole blood,FAM50B,-,2892652,0.0213,0.00455,2.91e-06,+,5257,1,-,Joehanes-R_eQTL_EUR_2017
2306,4901,rs268134,rs268134,chr2:65608363,chr2:65381229,G,A,Gene expression,NCIT_C16608,Joehanes R,28122634,Mixed,2017,Whole blood,FOXL2,-,2697652,-0.0174,0.00372,3.01e-06,-,5257,1,-,Joehanes-R_eQTL_EUR_2017
2324,2902,rs11243676,rs11243676,chr9:135096767,chr9:132221380,A,G,Gene expression trans,NCIT_C16608,Westra H,24013639,European,2013,Peripheral blood,EDA,-,5900274,,,3.21e-06,,5311,1,-,Westra-H_eQTL_EUR_2013
2347,3788,rs548234,rs548234,chr6:106568034,chr6:106120159,C,T,Gene expression,NCIT_C16608,Fehrmann,21829388,European,2011,Blood,FGF12,-,-,,,3.5000000000000004e-06,,1469,1,-,GRASP
2350,113,rs3747093,rs3747093,chr22:21984379,chr22:21630090,A,G,Gene expression,NCIT_C16608,eQTLGen,eQTLGen,European,2018,Whole blood,GBGT1,ENSG00000148288,-,,,3.52e-06,+,31155,34,-,eQTLGen_eQTL_EUR_2018
2364,2647,rs4956211,rs4956211,chr4:109723126,chr4:108801970,A,G,Gene expression,NCIT_C16608,GTEx,25954001,Unspecified,2015,Adipose visceral omentum,ETNPPL,ENSG00000164089.4,-,-0.3314,0.07014,3.77e-06,-,313,1,-,GTEx-V7_eQTL_EUR_2017
2377,2997,rs967616,rs967616,chr4:171888222,chr4:170967071,G,A,Gene expression,NCIT_C16608,GTEx,25954001,Unspecified,2015,Thyroid,GALNTL6,ENSG00000174473.11,-,0.3386,0.07213,3.9e-06,+,399,1,-,GTEx-V7_eQTL_EUR_2017
2399,778,rs10798269,rs10798269,chr1:173309713,chr1:173340574,A,G,Gene expression,NCIT_C16608,Fehrmann,21829388,European,2011,Blood,PAG1;AC012533.11,-,-,,,4.2000000000000004e-06,,1469,1,-,GRASP
2405,469,rs2092540,rs2092540,chr6:159416444,chr6:158995412,G,A,Gene expression,NCIT_C16608,Joehanes R,28122634,Mixed,2017,Whole blood,C11orf44,-,3356417,0.0384,0.00835,4.2999999999999995e-06,+,5257,1,-,Joehanes-R_eQTL_EUR_2017
2410,785,rs6804441,rs6804441,chr3:119260944,chr3:119542097,A,G,Gene expression,NCIT_C16608,eQTLGen,eQTLGen,European,2018,Whole blood,GSK3B,ENSG00000082701,-,,,4.35e-06,-,31684,37,-,eQTLGen_eQTL_EUR_2018
2412,228,rs2736337,rs2736337,chr8:11341880,chr8:11484371,C,T,Gene expression,NCIT_C16608,eQTLGen,eQTLGen,European,2018,Whole blood,ARG2,ENSG00000081181,-,,,4.39e-06,+,26494,35,-,eQTLGen_eQTL_EUR_2018
2422,1571,rs4902562,rs4902562,chr14:68731458,chr14:68264741,A,G,Gene expression,NCIT_C16608,eQTLGen,eQTLGen,European,2018,Whole blood,FAM183B,ENSG00000164556,-,,,4.54e-06,+,18892,24,-,eQTLGen_eQTL_EUR_2018
2454,1134,rs12574073,rs12574073,chr11:128319478,chr11:128449583,C,T,Gene expression,NCIT_C16608,Joehanes R,28122634,Mixed,2017,Whole blood,AQP5,-,3414315,-0.0208,0.00455,5.04e-06,-,5257,1,-,Joehanes-R_eQTL_EUR_2017
2463,2294,rs6590330,rs6590330,chr11:128311059,chr11:128441164,A,G,Gene expression,NCIT_C16608,Fehrmann,21829388,European,2011,Blood,MRPL9,-,-,,,5.2e-06,,1469,1,-,GRASP
2481,777,rs12565776,rs12565776,chr1:183116531,chr1:183147396,A,G,Gene expression,NCIT_C16608,eQTLGen,eQTLGen,European,2018,Whole blood,RNASEL,ENSG00000135828,-,,,5.56e-06,-,31140,35,-,eQTLGen_eQTL_EUR_2018
2501,2827,rs147622113,rs147622113,chr19:10771941,chr19:10661265,C,T,Gene expression,NCIT_C16608,eQTLGen,eQTLGen,European,2018,Whole blood,ABCA1,ENSG00000165029,-,,,6.05e-06,-,26453,30,-,eQTLGen_eQTL_EUR_2018
2521,1984,rs7579944,rs7579944,chr2:30445026,chr2:30222160,C,T,Gene expression trans,NCIT_C16608,Westra H,24013639,European,2013,Peripheral blood,A1CF,-,2650615,,,6.5000000000000004e-06,,5311,1,-,Westra-H_eQTL_EUR_2013
2531,927,rs909788,rs909788,chr6:16636461,chr6:16636230,T,C,Gene expression,NCIT_C16608,Joehanes R,28122634,Mixed,2017,Whole blood,C11orf83;C11orf48,-,3333572,0.0192,0.00426,6.81e-06,+,5257,1,-,Joehanes-R_eQTL_EUR_2017
2549,5694,rs7601754,rs7601754,chr2:191940451,chr2:191075725,A,G,Gene expression,NCIT_C16608,eQTLGen,eQTLGen,European,2018,Whole blood,COQ10A,ENSG00000135469,-,,,7.16e-06,+,30137,33,-,eQTLGen_eQTL_EUR_2018
2558,729,rs4355385,rs4355385,chr4:10566959,chr4:10565335,A,G,Gene expression,NCIT_C16608,Joehanes R,28122634,Mixed,2017,Whole blood,PKN3,-,3190683,-0.0138,0.00307,7.2999999999999996e-06,-,5257,1,-,Joehanes-R_eQTL_EUR_2017
2575,444,rs729302,rs729302,chr7:128568960,chr7:128928906,A,C,Gene expression,NCIT_C16608,eQTLGen,eQTLGen,European,2018,Whole blood,RP11-803B1.7,ENSG00000239959,-,,,7.78e-06,+,3831,9,-,eQTLGen_eQTL_EUR_2018
2584,2585,rs11788118,rs11788118,chr9:102337331,chr9:99575049,A,G,Gene expression,NCIT_C16608,MuTHER,22941192,European,2012,Skin,SAMD6,-,ILMN_1691716,0.02745,0.006147,7.98e-06,+,667,1,-,MuTHER_eQTL_EUR_2012
2601,3816,rs10737562,rs10737562,chr1:189723623,chr1:189754493,A,G,Gene expression,NCIT_C16608,Joehanes R,28122634,Mixed,2017,Whole blood,SMARCD1,-,3414390,0.0099,0.00223,8.84e-06,+,5257,1,-,Joehanes-R_eQTL_EUR_2017
2611,3353,rs169080,rs169080,chr19:4980864,chr19:4980853,T,C,Gene expression,NCIT_C16608,GTEx,25954001,Unspecified,2015,Whole blood,KDM4B,ENSG00000127663.10,-,-0.073,0.01617,9.08e-06,-,369,1,-,GTEx-V7_eQTL_EUR_2017
2624,1496,rs3734266,rs3734266,chr6:34823187,chr6:34855410,T,C,Gene expression,NCIT_C16608,Fairfax B,24604202,European,2014,Blood,LOC729776,-,-,,,9.33e-06,,432,1,-,eQTL_2017
2648,2869,rs2061831,rs2061831,chr8:11339882,chr8:11482373,C,T,Gene expression,NCIT_C16608,Joehanes R,28122634,Mixed,2017,Whole blood,SERPINB8;HMSD,-,3791996,0.015,0.00339,9.81e-06,+,5257,1,-,Joehanes-R_eQTL_EUR_2017
2658,4502,rs17484292,rs17484292,chr1:183300050,chr1:183330915,A,T,Gene expression,NCIT_C16608,Joehanes R,28122634,Mixed,2017,Whole blood,CAMK2N2;ECE2,-,2708429,0.0563,0.01273,1e-05,+,5257,1,-,Joehanes-R_eQTL_EUR_2017
